,Sequence,Wild Type Seqeunce,Cancer,Mutation,Allele,Immunogenicity,Alternative Immunogenicity,Antigenicity,Half-life,Toxicity,INFgamma,Allergenicity,Isoelectric Point,Instability Index,Aliphatic Index,Gravy Score,Hydropathicity,MHCFlurry Binding,MHCFlurry Rank,MHCFlurry WT:MUT Rank,NetMHC Binding,NetMHC Rank,NetMHC Stability,Score,ID
0,LLVDGITDPD,LLVVGITDPD,,,HLA-A*02:01,0.2471,0.6386326,0.5386,,,,,,,,,-5.2,14163.26994,7.455,2.485211268,8720.61,13,0.18,,0
1,YKLVVVGAC,YKLVVVGAG,,,HLA-C*03:04,0.16846,0.9499909,0.8646,,,,,,,,,14,27599.89201,38.136625,1.511752154,32793.68,22,0.15,,0
2,PDIIPRLEEE,PDIISRLEEE,,,HLA-B*08:01,0.34928,0.8435257,1.5156,,,,,,,,,-4.8,29474.62714,34.43175,1,41249.39,94,0.06,,0
3,PGFFQGLMH,PGSFQGLMH,,,HLA-A*01:01,-0.03706,0.46449357,1.0968,,,,,,,,,4.6,24983.13414,11.762125,0.858720257,34852.27,44,0.11,,0
4,WETEGEEAG,RETEGEEAG,,,HLA-B*15:01,0.34796,0.9379826,1.1281,,,,,,,,,-9.1,26689.64888,19.9675,0.703355453,30758.33,50,0.12,,0
5,RSQSWVSVP,RSQSWVSAP,,,HLA-B*35:01,-0.06501,0.6663989,0.5054,,,,,,,,,5.9,31204.98921,44.80275,0.921385964,33565.48,29,0.13,,0
6,EWMTTPCNHA,EWMTTTCNHA,,,HLA-C*05:01,-0.02825,0.95969313,0.8886,,,,,,,,,-7.2,31175.41694,64.1735,1.055404489,41607.11,52,0.14,,0
7,SNQRKDPMI,SNQGKDPMI,,,HLA-C*07:04,-0.2866,0.6007477,0.3036,,,,,,,,,-11.6,1613.381076,5.91775,0.648895273,27441.18,13,0.08,,0
8,AGMALTNFDF,AGMALTNLTF,,,HLA-A*02:01,0.11504,0.3298957,-0.0078,,,,,,,,,0.7,26271.13893,23.491125,0.52925839,6713.65,9.7,0.22,,0
9,VQLTYLSHG,VQLTYLPHG,,,HLA-A*29:02,-0.0993,0.8962345,0.4531,,,,,,,,,-2.2,27035.6302,24.47925,0.888553571,32992.61,38,0.11,,0
10,TCQSGAASGA,TCQSGAAPGA,,,HLA-C*16:02,-0.21596,0.9166394,1.067,,,,,,,,,1.2,11994.03624,24.86825,1.067033265,39898.28,59,0.14,,0
11,VPVAISKIF,VPVVISKIF,,,HLA-A*01:01,-0.0776,0.4873137,-0.7935,,,,,,,,,6.1,26710.89324,15.26675,1.044508491,36921.28,54,0.16,,0
12,KGLMAGREP,KELMAGREP,,,HLA-B*08:01,-0.00812,0.7528574,0.9209,,,,,,,,,-4.7,28639.88146,28.148125,1.06567933,38360.79,84,0.07,,0
13,TRKDIRNAA,TREDIRNAA,,,HLA-C*04:01,0.14804,0.97891396,0.9858,,,,,,,,,-5.2,24353.24821,19.459,0.450042397,34797.27,34,0.11,,0
14,TGNEFLSFL,TGNEFLSFP,,,HLA-A*32:01,0.13099,0.8316101,0.4285,,,,,,,,,5.1,8803.309337,5.53825,6.336703832,16315.25,8,0.13,,0
15,LHKVFRPFLL,LHKVLRPFLL,,,HLA-B*51:01,0.21782,0.9897261,0.5024,,,,,,,,,7.5,26668.36543,22.327125,0.953873372,28778.23,14,0.22,,0
16,PPHTGAGTLR,PPTPERALFA,,,HLA-A*02:01,0.17884,0.32990915,0.4713,,,,,,,,,3.4,27863.26407,30.22625,1.100645135,44941.49,94,0.07,,0
17,VKIISGQFFS,VKIISGQFLS,,,HLA-B*07:02,0.10718,0.4401988,-0.4957,,,,,,,,,5.4,32727.02621,63.450125,1,38441.82,59,0.1,,0
18,SHALCSHVD,AHALCSHVD,,,HLA-A*01:01,-0.15527,0.43831167,0.5619,,,,,,,,,6.5,32600.55449,52.948,1.110773778,39681.29,71,0.08,,0
19,SLSLLRAHM,SLSLLRAHV,,,HLA-C*06:02,0.02498,0.9541633,-0.0656,,,,,,,,,1.7,5024.329823,8.64475,1.031796755,13723.56,4.3,0.2,,0
20,DLSLEGNPF,DLSLEGDPF,,,HLA-B*13:02,0.0526,0.38529733,0.5568,,,,,,,,,-5.2,16492.47693,14.939125,0.900412507,39406.61,52,0.12,,0
21,YLCTVPCTTR,YLRTVPCTTR,,,HLA-C*08:02,0.05565,0.9224326,1.0214,,,,,,,,,3,23845.1454,15.3905,2.285338358,40819.18,43,0.12,,0
22,QFNTSYLMKN,QFNTSYLMEN,,,HLA-A*01:01,-0.41238,0.40368354,0.0614,,,,,,,,,-1,32116.13514,47.853875,0.906277182,35983.04,49,0.08,,0
23,DPEANVGFLK,DPEAKVGFLK,,,HLA-C*07:01,0.22999,0.90350634,0.0666,,,,,,,,,8.7,21548.61015,20.697625,1.275556978,39781.89,62,0.09,,0
24,YLATICRQE,YLATIRRQE,,,HLA-A*02:01,0.10661,0.7392779,1.1273,,,,,,,,,-1.7,11216.71672,6.015625,1.847064935,7137.49,11,0.2,,0
25,GKEVGLSNCF,GKEVGLLNCF,,,HLA-B*07:02,-0.09645,0.5791633,1.3304,,,,,,,,,5.8,28709.92173,22.491375,1.141193013,37193.91,53,0.17,,0
26,TWGAPRILAL,TGGAPRILAL,,,HLA-B*27:05,0.22875,0.83410424,0.2967,,,,,,,,,5.8,1190.312002,4.477125,0.387078761,19580.26,19,0.11,,0
27,PALWLLFEKA,PALRLLFEKA,,,HLA-C*07:01,0.26639,0.8715185,0.5805,,,,,,,,,2.1,31814.5189,79.963875,0.955206335,43713.78,85,0.09,,0
28,ACDFFQDIT,ACDSFQDIT,,,HLA-C*04:01,0.22644,0.9429697,0.9268,,,,,,,,,3.1,15309.52147,7.59,0.791880764,39842.64,61,0.07,,0
29,HLNMEDNNI,HLNMEDNDI,,,HLA-A*01:01,-0.06966,0.28916368,0.0486,,,,,,,,,-12.1,27398.20872,16.697625,1.22634207,26600.43,17,0.17,,0
30,HIPTHSKDY,DIPTHSKDY,,,HLA-A*02:01,-0.25781,0.65909165,0.2018,,,,,,,,,-12.1,23445.64724,16.9735,1.286475977,40301.34,74,0.13,,0
31,PVPAPQSKMT,PVPALQSKMT,,,HLA-C*07:01,-0.52816,0.37239975,0.0667,,,,,,,,,-6.1,30117.47254,62.06525,1.171200873,44279.77,88,0.06,,0
32,KLVVVGADG,KLVVVGAGG,,,HLA-B*35:01,0.17302,0.8216831,1.0333,,,,,,,,,6.3,31619.56155,48.826625,0.782948852,40983.8,58,0.1,,0
33,PYRRELYRQH,PHRRELYRQH,,,HLA-B*35:01,0.1281,0.40345162,0.3167,,,,,,,,,-13.5,33143.70292,78.826375,0.821691978,44677.28,86,0.09,,0
34,NHFPGLFQI,NHFPGSFQI,,,HLA-B*44:02,0.08052,0.29877344,1.3724,,,,,,,,,1.1,19221.69175,5.2205,1.014701657,21922.24,12,0.32,,0
35,RLDRLRKNAF,RLDKLRKNAF,,,HLA-B*40:01,-0.08672,0.8184675,1.0835,,,,,,,,,-10.8,28992.82098,11.51625,0.801790948,24763.08,12,0.22,,0
36,KEEIVKVTFK,KEEIVKVTFE,,,HLA-B*44:02,0.13664,0.31077856,0.5952,,,,,,,,,11.1,2945.035771,1.684375,1.729944341,9425.6,3.2,0.21,,0
37,LRESGERAQ,LRESRERAQ,,,HLA-C*05:01,0.05982,0.92979187,1.7313,,,,,,,,,-7.4,24311.47912,25.556875,1.435416106,46298.81,88,0.07,,0
38,IFRPEQSTC,ILRPEQSTC,,,HLA-B*35:02,-0.12284,0.7816082,0.7597,,,,,,,,,-10.1,26574.7761,9.650375,0.751266143,36275.43,23,0.11,,0
39,FTMTIPLLVR,FKMTIPLLVR,,,HLA-B*15:17,0.10518,0.7110888,-0.2055,,,,,,,,,14,17065.75787,6.576375,6.789815818,7935.11,7.9,0.5,,0
40,DAVSNLLYR,DAASNLLYR,,,HLA-B*38:01,-0.18133,0.7831498,0.9173,,,,,,,,,2,25513.58511,16.257875,1.068320737,44046.11,70,0.1,,0
41,THLLHLKPH,THLLHLKPQ,,,HLA-A*02:01,-0.18218,0.83789015,0.8407,,,,,,,,,-1.1,31436.75271,57.38875,0.870601817,43354.38,87,0.13,,0
42,QVHRRTHIGE,QVHRRTHTGE,,,HLA-B*51:01,0.31335,0.98559564,1.3641,,,,,,,,,-8.8,31829.66684,67.4035,1,46224.23,88,0.08,,0
43,NKSNLLPGL,NKSDLLPGL,,,HLA-A*02:01,-0.07101,0.8070547,0.6453,,,,,,,,,2.1,12597.72083,6.61175,0.534881083,28203.94,38,0.29,,0
44,PNKIDGLQK,PNEIDGLQK,,,HLA-A*01:01,0.04038,0.26874912,1.7385,,,,,,,,,0.9,25111.45358,12.170375,0.348469131,41201.67,80,0.1,,0
45,HGTCFCGRCV,HGTCSCGRCV,,,HLA-A*02:01,0.06393,0.6246087,-0.1599,,,,,,,,,5.4,24841.0958,19.725125,0.886021001,19875.24,25,0.21,,0
46,IFECVDIKN,IFEGVDIKN,,,HLA-B*44:02,0.02565,0.25532094,0.9409,,,,,,,,,3.8,32019.25264,34.055875,0.794209516,42169.07,89,0.08,,0
47,LQLFQCPTC,LELFQCPTC,,,HLA-A*03:01,-0.03603,0.7850118,0.6077,,,,,,,,,-0.5,30519.89329,26.48575,1.582525509,35413.71,52,0.12,,0
48,YPDHYVETE,HPDHYVETE,,,HLA-C*16:01,0.18219,0.83446306,0.1861,,,,,,,,,-4.5,7897.136874,12.227625,1.225186821,21145.53,22,0.14,,0
49,TFIALKGIL,TFIALRGIL,,,HLA-C*16:01,-0.02487,0.77488816,-0.9471,,,,,,,,,5.8,2336.525307,6.703,0.854729226,10529.84,9.5,0.11,,0
50,DNKQIRLLL,DNKQIGLLL,,,HLA-C*12:03,-0.02408,0.84998673,0.0132,,,,,,,,,4.1,10137.58066,11.2925,0.861667036,18096.75,16,0.1,,0
51,PTAKAPLKAT,PTAKAPPKAT,,,HLA-B*57:01,-0.34658,0.6529262,0.3443,,,,,,,,,-2,21763.28717,25.269,0.731929439,33522.28,46,0.09,,0
52,KEENIHLTG,KEENIHLTR,,,HLA-C*02:02,0.19936,0.9470945,1.2446,,,,,,,,,0.9,24920.43063,39.829,0.184928067,44859.4,86,0.08,,0
53,LGAAWGSLC,LGAAWGSPC,,,HLA-B*27:05,0.15357,0.859047,-0.0378,,,,,,,,,3.5,5486.77917,14.315625,1.07517136,33108.84,53,0.09,,0
54,EYGKVICWLC,EDGKVICWLC,,,HLA-C*05:01,0.09351,0.9979548,1.1996,,,,,,,,,10.2,29768.99517,52.147875,0.703475453,44992.1,76,0.1,,0
55,ISQGSPFHLT,ISLGSPFHLT,,,HLA-B*35:01,-0.04438,0.7191568,1.1535,,,,,,,,,0.6,29423.06174,31.083875,0.88607035,42205.15,66,0.16,,0
56,PFLSVRPFPS,PFPSVRPFPS,,,HLA-C*12:03,0.00241,0.4945911,0.1116,,,,,,,,,-1.5,31234.76869,75.55625,0.706931922,38393.18,57,0.06,,0
57,VFFFGIHET,VFFFGTHET,,,HLA-C*06:02,0.39988,0.9903686,0.4864,,,,,,,,,0.2,10316.36921,15.4965,1.064845288,14809.57,4.8,0.11,,0
58,ANYLIASPA,ANYLIASLA,,,HLA-B*08:01,0.00797,0.848052,0.1683,,,,,,,,,7.7,22944.52898,12.856375,1.468425198,10705.6,9.4,0.13,,0
59,LPLCWCLRE,FPLCWCLRE,,,HLA-A*30:01,0.12798,0.93461066,0.0878,,,,,,,,,3.4,29277.05007,30.11675,1.054247221,35909.93,88,0.13,,0
60,GITLVKNSW,GITSVKNSW,,,HLA-A*01:01,-0.26348,0.36065114,0.0486,,,,,,,,,-0.2,26915.85578,15.26675,0.825421259,37588.37,58,0.19,,0
61,CPMCSQLRLH,CPMCSRLRLH,,,HLA-B*40:02,-0.35839,0.8231708,0.9182,,,,,,,,,1.3,31008.61674,43.261375,1,31442.4,31,0.15,,0
62,PMLDRLQNNR,PMFDRLQNNR,,,HLA-C*06:02,-0.05996,0.96965194,0.684,,,,,,,,,-14.7,14726.7772,22.991,0.733129268,43508.04,74,0.13,,0
63,LYAQGSEVLM,RYAQGSEVLM,,,HLA-A*01:01,-0.10935,0.43645847,0.1214,,,,,,,,,-0.2,28169.64355,19.378125,1.707460087,22790.03,12,0.23,,0
64,SKNSKPWQGG,RKNSKPWQGG,,,HLA-C*04:01,-0.25882,0.99066275,0.5864,,,,,,,,,-11.1,31100.56227,61.537875,1.069221597,44064.7,91,0.07,,0
65,RRQFRVRQP,RRRFRVRQP,,,HLA-B*49:01,0.14546,0.9534419,0.8295,,,,,,,,,-5.5,26304.05021,27.14175,1.086039036,26893.58,19,0.11,,0
66,VMWFPKGVP,VMCFPKGVP,,,HLA-A*01:01,0.02862,0.18848565,0.3535,,,,,,,,,1.1,31370.32503,36.0395,1,38825.96,65,0.09,,0
67,SPNLVFLGIE,SPNLVFSGIE,,,HLA-B*44:03,0.23686,0.9641329,0.461,,,,,,,,,18.7,31410.88304,31.1625,0.727505014,28135.98,17,0.1,,0
68,LDLEPMDTI,LDLEPVDTI,,,HLA-A*02:01,-0.03755,0.50047255,0.4053,,,,,,,,,-7.4,6289.596089,3.992375,0.895676133,18958.38,23,0.15,,0
69,FIGFSYAFPK,SIGFSYAFPK,,,HLA-C*17:01,0.09325,0.94089663,0.2851,,,,,,,,,3.7,24724.19554,28.967,0.974151621,21693.6,13,0.1,,0
70,QKERAERPNF,QKERAERPKF,,,HLA-C*07:01,0.25576,0.93499804,1.1359,,,,,,,,,-15.8,20708.53251,19.045,0.82403518,31922.65,32,0.1,,0
71,SSCDSHSEA,SSCDSQSEA,,,HLA-A*01:01,-0.20695,0.36997834,0.2136,,,,,,,,,-11.8,19823.32751,6.97475,1.019445141,16657.01,5.4,0.15,,0
72,ITAKLSTSA,TTAKLSTSA,,,HLA-A*29:02,-0.43473,0.57227427,0.4234,,,,,,,,,-2.4,22484.69957,14.383875,1.076474524,23367.32,18,0.19,,0
73,AGALGAFVE,AGALGAFVG,,,HLA-B*44:02,0.19429,0.36615133,0.2331,,,,,,,,,12.2,31063.35844,27.0475,0.822816342,39404.91,71,0.11,,0
74,QELGSFHVRA,QELGSFHIRA,,,HLA-B*44:02,0.07893,0.2534019,0.1546,,,,,,,,,-1.9,1410.220787,1.265,1.040711462,2024.11,0.83,0.33,,0
75,MELGIRTVAI,TELGIRTVAI,,,HLA-B*45:01,0.30474,0.9340454,-0.518,,,,,,,,,4.9,206.7481028,0.498625,0.815993983,481.87,0.38,0.46,,0
76,DPGDRAEAVQ,DPGERAEAVQ,,,HLA-A*03:01,0.27321,0.36459032,1.188,,,,,,,,,-3.7,31316.9675,31.022125,1.209560112,43842.6,93,0.07,,0
77,RRRTDPMVM,RRRTDPMVT,,,HLA-B*08:01,-0.05706,0.93604827,0.0355,,,,,,,,,0.3,6778.87258,3.5175,3.850177683,6034.37,4.8,0.17,,0
78,CKRTIMPGSH,CKRTIMPGSR,,,HLA-C*03:04,-0.06404,0.9663649,0.4715,,,,,,,,,2.9,31045.33631,60.747375,0.681811354,46463.89,74,0.08,,0
79,ARLFPGLTIK,ARLFPGLAIK,,,HLA-A*68:02,0.23648,0.85993546,-0.5658,,,,,,,,,8.4,25982.8567,21.968125,1,34480.95,53,0.12,,0
80,MNSIMLRKIM,MNGIMLRKIM,,,HLA-B*44:02,-0.1571,0.39791298,-0.3531,,,,,,,,,6.3,32213.10381,38.68175,1,22188.79,12,0.19,,0
81,RVAAKHRLV,RDAAKHRLV,,,HLA-A*01:01,-0.09028,0.27295586,0.7852,,,,,,,,,-6,29381.74429,23.04425,1.067185957,28512.3,22,0.24,,0
82,EFWRRPDGQL,EFWRRPDGQP,,,HLA-B*44:02,0.14538,0.37453765,0.1239,,,,,,,,,-18,32928.70809,51.236375,1.336006402,32604.39,33,0.12,,0
83,HWQGNAHRL,HWQGNAHRS,,,HLA-A*03:01,0.08457,0.52390987,0.816,,,,,,,,,-9.8,28984.0338,19.677875,2.130025473,36398.11,57,0.12,,0
84,QRINISPQRG,QRINIPPQRG,,,HLA-B*44:03,-0.07277,0.8622548,0.0853,,,,,,,,,-9.4,29323.73285,16.463,0.935681528,33088.07,27,0.11,,0
85,MRAVLISIR,MRAVLIPIR,,,HLA-C*12:03,0.10686,0.5737309,0.2151,,,,,,,,,16.2,18328.71792,20.43575,1.082392376,19280.27,17,0.11,,0
86,WKKGLMAGRE,WKKELMAGRE,,,HLA-B*37:01,-0.12203,0.8497228,0.8761,,,,,,,,,2.2,31861.62043,78.860875,0.96406805,44056.11,87,0.08,,0
87,PKPWKLRFS,PKPWKLSFS,,,HLA-A*03:01,0.11093,0.73859096,1.6348,,,,,,,,,-2.7,33474.21709,62.27625,1,46150.74,100,0.07,,0
88,PLDASGQGF,PLDASGQRF,,,HLA-C*07:04,-0.16059,0.78111434,0.2045,,,,,,,,,-3.3,2056.900998,6.707125,1.005609706,32956.93,22,0.09,,0
89,YYKPCDPVFK,YYKACDPVFK,,,HLA-C*03:04,-0.01926,0.8349703,0.6635,,,,,,,,,2.8,11177.81804,8.57125,1.493087356,36968.43,29,0.11,,0
90,FRMLSELVL,FRTLSELVL,,,HLA-A*24:02,-0.12025,0.75064754,-0.4087,,,,,,,,,7.5,13524.59485,4.920375,1.575438864,13429.34,5.3,0.18,,0
91,SAAEAEAEK,SAAAAEAEK,,,HLA-B*08:01,0.33732,0.60652506,0.8476,,,,,,,,,-6.9,22809.74434,12.5435,1.445669072,39154.18,87,0.11,,0
92,EDYCGHKNG,EDYCGHENG,,,HLA-A*01:01,-0.17778,0.53888816,-0.1431,,,,,,,,,-8.5,30744.93012,33.087375,0.795998474,44137.7,95,0.07,,0
93,GVFVLAFEFM,GGFVLAFEFM,,,HLA-C*07:02,0.36994,0.84131444,-0.7635,,,,,,,,,11.9,23594.76761,34.302875,0.751879398,24559.49,17,0.15,,0
94,ETRRKAQEQ,ETRRKAREQ,,,HLA-A*24:02,-0.14355,0.4744494,1.2129,,,,,,,,,-13.6,31588.56118,51.5645,1.212801443,47319.29,99,0.07,,0
95,RSGRGHQKLA,RSGRGRQKLA,,,HLA-A*02:01,-0.16994,0.8174361,0.722,,,,,,,,,-11.7,28712.90794,33.268375,1.110157169,35728.15,57,0.17,,0
96,GMSRVDDAVA,GLSRVDDAVA,,,HLA-B*37:01,0.1382,0.94185275,1.0656,,,,,,,,,-1.3,22568.14085,32.168375,0.893859264,36182.14,47,0.21,,0
97,LKGQLPSHQ,LKGQLLSHQ,,,HLA-A*01:01,-0.24752,0.3754567,0.4679,,,,,,,,,-5.3,33016.3368,58.81325,1.112041079,46410.65,100,0.08,,0
98,AILPRCRWGA,AIHPRCRWGA,,,HLA-C*03:04,0.2386,0.98596734,0.1625,,,,,,,,,-9.4,29839.12443,52.086875,1,40740.2,40,0.18,,0
99,QTFLIGLGK,QKFLIGLGK,,,HLA-C*07:01,0.19878,0.79531306,-0.2351,,,,,,,,,11.3,11953.08437,9.594875,0.777980432,27305.83,21,0.09,,0
100,AQQRRSFLKA,AQQRRSFLNA,,,HLA-B*51:01,-0.12138,0.8330498,0.4773,,,,,,,,,-7.1,31029.83785,53.65975,0.926937789,42598.32,56,0.13,,0
101,NSIRHNLLLN,NSIRHNLSLN,,,HLA-C*07:01,0.0942,0.83189464,0.3332,,,,,,,,,0.2,28213.91688,45.627,1,27491.1,22,0.08,,0
102,SARWLLETR,SARWLFETR,,,HLA-B*07:02,0.32563,0.7607049,-0.2124,,,,,,,,,2.5,19737.27751,7.644125,1.056693866,18972.55,13,0.22,,0
103,TPSYVKISG,TPSYVKVSG,,,HLA-A*01:01,-0.20456,0.3745021,0.9756,,,,,,,,,2.7,31351.47616,36.0395,1.094330526,40975.82,79,0.08,,0
104,LVHTAFHVVE,LVHTAFRVVE,,,HLA-C*16:02,0.29107,0.95532745,0.627,,,,,,,,,9.1,20065.03689,40.3465,1.243382326,27407.04,27,0.18,,0
105,SRFHSSSTT,SRFHSPSTT,,,HLA-C*04:01,-0.36322,0.9698847,0.8266,,,,,,,,,-6.3,28303.99414,35.477,0.634305325,33885.14,31,0.09,,0
106,KAWGNPCEA,KAWGNPCET,,,HLA-B*15:01,0.10226,0.9943042,-0.0693,,,,,,,,,-6.5,8988.64403,4.46125,2.128383301,16953.74,21,0.3,,0
107,AKSEEYLSS,AKSEESLSS,,,HLA-A*32:01,0.03505,0.8152163,0.5211,,,,,,,,,-5.3,30674.40995,54.874,1,45519.95,80,0.08,,0
108,SRDQGWVVGI,SRDRGWVVGI,,,HLA-A*30:02,0.23284,0.8208298,1.0888,,,,,,,,,3.2,26072.59072,26.764125,1.258176757,15513.7,23,0.17,,0
109,DILCTLCLCN,DILCSLCLCN,,,HLA-B*07:02,-0.12246,0.5754137,0.6915,,,,,,,,,14.4,30703.67609,35.098875,0.919060796,41585.48,77,0.07,,0
110,FTEPTLRMF,FTEPALRMF,,,HLA-A*03:01,-0.01022,0.81962943,0.5051,,,,,,,,,-1.1,23914.21824,10.742125,0.955700106,32964.79,42,0.11,,0
111,ITTKKRFTP,ITTKKGFTP,,,HLA-C*07:01,-0.2442,0.778758,-0.0389,,,,,,,,,-10.2,28399.65742,45.627,0.954544458,30845.65,29,0.09,,0
112,AAGKQRILKV,AAGKQRIPKV,,,HLA-C*05:01,-0.27848,0.98060006,0.8916,,,,,,,,,-7.5,14320.81478,10.52375,1.138199311,32414.45,22,0.2,,0
113,YQREGIEWT,YQREGIEWN,,,HLA-A*32:01,0.48975,0.7618613,-0.2488,,,,,,,,,-3.8,23540.28941,19.17025,1.167081806,35616.23,34,0.11,,0
114,HQAAANIQET,RQAAANIQET,,,HLA-B*18:01,0.16989,0.9420364,0.5046,,,,,,,,,-2.4,27955.43153,13.99725,1.619148404,36185.27,46,0.4,,0
115,LQASPKYLG,PQASPKYLG,,,HLA-B*14:01,-0.37717,0.7626891,0.5123,,,,,,,,,-3.8,22867.50915,17.226,1.284910891,30496.54,23,0.1,,0
116,TKTYNSVRK,TKTYNSVSK,,,HLA-C*07:02,-0.08807,0.8624503,1.0766,,,,,,,,,-5.9,21803.0489,29.1175,0.679157723,32052.1,32,0.09,,0
117,LKNLWKHSFS,LKDLWKHSFS,,,HLA-C*04:01,-0.04833,0.84864753,0.1217,,,,,,,,,-2.2,31956.08766,70.313625,0.455238938,38502.58,53,0.09,,0
118,SLAMLEKMV,SLAMLEKTV,,,HLA-B*57:01,-0.36515,0.8201856,-0.1185,,,,,,,,,0.2,21986.76694,26.037125,0.693927421,32675.37,43,0.12,,0
119,QFEHLDSQNQ,QFEHLDPQNQ,,,HLA-A*30:01,-0.18142,0.9066451,0.6817,,,,,,,,,-10.7,29380.12435,30.11675,0.907036782,34135.35,83,0.09,,0
120,PPGFRLFGS,PPGLRLFGS,,,HLA-A*02:01,0.28736,0.6009259,-0.0113,,,,,,,,,4.5,28916.89606,35.019625,0.949992326,43255.96,87,0.07,,0
121,FTYWFTFVH,FTYWLTFVH,,,HLA-C*06:02,0.49515,0.9272539,1.1986,,,,,,,,,8.2,11533.30503,17.242125,1.262561894,11099.32,3.2,0.35,,0
122,ISQAICPDQ,IPQAICPDQ,,,HLA-C*02:02,0.08422,0.62364876,0.0852,,,,,,,,,3.7,14846.19774,19.4425,1.261534011,36952.05,44,0.12,,0
123,NYLKSWIVVD,NYLKSWFVVD,,,HLA-B*51:01,0.01824,0.8527485,-0.1278,,,,,,,,,7.3,31870.3533,67.4035,1.07613477,40154.66,42,0.08,,0
124,FVYDCSNAGV,FVYDCSNAGL,,,HLA-B*08:01,-0.14575,0.72704136,0.9926,,,,,,,,,-3.9,17791.74856,8.18225,0.429893978,11074.61,9.8,0.22,,0
125,GSGGSDSKD,GSGGGDSKD,,,HLA-C*06:02,-0.36074,0.86945504,1.992,,,,,,,,,-9.4,15768.97744,25.056,0.824323515,47716.69,100,0.06,,0
126,RADHPLVEI,GADHPLVEI,,,HLA-C*04:01,0.11185,0.98638326,0.5814,,,,,,,,,-0.3,56.69327621,0.086375,1.571635311,6710.09,0.32,0.18,,0
127,TKKGDALANR,TNKGDALANR,,,HLA-C*04:01,0.0426,0.97249615,0.7205,,,,,,,,,0,27452.68673,30.478375,0.499637038,45179.9,96,0.08,,0
128,HRPEITSWAI,HRPEITSRAI,,,HLA-A*68:01,0.31862,0.8397827,0.5796,,,,,,,,,0.4,31658.58648,42.959875,1.088649583,29704.21,36,0.15,,0
129,ALLPPPRAP,ALLSPPRAP,,,HLA-A*01:01,0.03054,0.22065309,0.4174,,,,,,,,,-7.5,30231.82329,28.328625,1.272193762,43780.02,93,0.1,,0
130,HLPGQTVSEE,HVPGQTVSEE,,,HLA-B*07:02,-0.08676,0.72791636,0.4092,,,,,,,,,-4.7,25951.21182,14.51925,0.838447234,19568.82,13,0.1,,0
131,LENFSILQVV,LENFTILQVV,,,HLA-C*03:03,0.00012,0.9195118,0.514,,,,,,,,,11,23084.22807,37.8665,1.108304834,29230.43,18,0.17,,0
132,PANFFVGTP,PANSFVGTP,,,HLA-B*44:03,0.31984,0.9407017,0.5172,,,,,,,,,8.7,32312.78208,40.329625,0.874670295,41510.86,73,0.11,,0
133,PTGTVLLTD,PTGTVLITD,,,HLA-B*27:02,0.09314,0.8890638,-0.598,,,,,,,,,10.4,27759.77449,48.461875,1.052463921,47978.14,96,0.06,,0
134,FVFLRFFAPA,FLFLRFFAPA,,,HLA-A*24:02,0.32798,0.40589824,0.5285,,,,,,,,,5.1,29867.56871,32.4105,0.743744311,23038.2,12,0.16,,0
135,PFPENKHRNI,PSPENKHRNI,,,HLA-C*12:03,-0.0488,0.14789264,-0.1855,,,,,,,,,-22.1,23408.26291,30.899,0.632613515,33499.09,42,0.06,,0
136,CAMMIALSHM,CAMMIALSRM,,,HLA-B*40:01,-0.19716,0.55406827,0.3568,,,,,,,,,8,31221.06846,20.802375,1.282089185,22841.62,9,0.22,,0
137,KTSTLPLLPL,KTSTLPPLPL,,,HLA-C*08:02,-0.06252,0.87263745,-0.054,,,,,,,,,7.5,12161.70367,5.451875,0.596790095,13916.15,3.1,0.17,,0
138,ESLAEKKYTF,ESLAEKKYTS,,,HLA-A*02:01,-0.26017,0.4152447,0.359,,,,,,,,,-11.5,27433.03272,27.6235,1.808704545,25022.99,32,0.15,,0
139,LHDYLDARS,LLDYLDARS,,,HLA-C*06:02,0.07682,0.98974806,0.814,,,,,,,,,-3.7,23972.26347,54.762125,1.052883266,40870.02,57,0.07,,0
140,SKRLRVTRND,SKRLLVTRND,,,HLA-A*03:01,0.17268,0.8162194,1.6348,,,,,,,,,-5.2,33599.77829,71.81975,0.867118724,43211.52,91,0.07,,0
141,KKREFRFHPM,KKREFRFHPI,,,HLA-A*01:01,0.41297,0.25300708,1.0255,,,,,,,,,-7.2,34014.23731,80.00575,1.0845158,35239.82,46,0.15,,0
142,SSQEQWQES,PSQEQWQES,,,HLA-B*35:03,0.1196,0.80274206,0.3697,,,,,,,,,-14.9,28878.58856,25.98825,1.139909382,43406.95,37,0.1,,0
143,LREDIAMLR,LREEIAMLR,,,HLA-B*44:02,0.06657,0.40254977,0.2383,,,,,,,,,8.5,23920.08915,7.597875,1.0814866,36886.94,54,0.12,,0
144,SCKGFFRRSM,GCKGFFRRSM,,,HLA-C*15:02,0.18784,0.5705271,-0.4466,,,,,,,,,-4.6,23945.58994,31.154125,1.327821757,23959.5,17,0.15,,0
145,APGKPGAPGS,APGRPGAPGS,,,HLA-C*03:04,-0.13653,0.94797325,0.8733,,,,,,,,,-6.1,12379.85174,9.442625,1.150606955,44236.19,56,0.14,,0
146,GPSTLSQCIH,GLSTLSQCIH,,,HLA-C*07:01,-0.26332,0.6787259,0.1762,,,,,,,,,5.8,27770.47634,41.66725,1.09503267,36175.89,45,0.13,,0
147,RGVLLCLRH,RGLLLCLRH,,,HLA-B*08:01,-0.03843,0.77731925,0.3595,,,,,,,,,9.4,31147.50329,52.197625,0.770916301,33599.64,64,0.08,,0
148,HQEHGRNVA,HQEHGRNLA,,,HLA-C*04:01,0.16543,0.98302776,0.5528,,,,,,,,,-7.4,18386.33012,10.113625,1.128008009,28338.22,16,0.12,,0
149,QGMPPTFSRS,QGMSPTFSRS,,,HLA-B*18:01,-0.04034,0.88588434,0.5801,,,,,,,,,-6.4,32643.47327,49.41875,1,38539.67,60,0.11,,0
150,QDVCNNFLPP,QDVRNNFLPP,,,HLA-B*57:01,0.04091,0.9067225,0.328,,,,,,,,,0.5,25330.97895,39.88025,1.254320748,30144.2,35,0.09,,0
151,LITIKLGEMR,LITIKLSEMR,,,HLA-A*32:01,-0.06048,0.85329896,0.288,,,,,,,,,2.4,24971.47541,22.37325,1.201468271,39015.04,44,0.15,,0
152,ASYNKEIRHI,ASYNREIRHI,,,HLA-A*02:01,0.06765,0.5529718,0.6636,,,,,,,,,-14.1,15717.93343,8.429,1.271992526,20111.68,25,0.32,,0
153,VPSGLPMTAI,VPSGPPMTAI,,,HLA-C*15:02,-0.15088,0.3196559,-0.0885,,,,,,,,,4.8,4595.606493,6.253125,0.538610695,7212.01,3.3,0.32,,0
154,AEICVRLDR,AEICVRLDL,,,HLA-B*08:01,0.08147,0.9354637,0.7584,,,,,,,,,2.5,28799.03484,29.996875,0.268761329,36262.88,75,0.12,,0
155,SARQFENMI,SARQFENRI,,,HLA-C*04:01,0.00043,0.9447246,0.4495,,,,,,,,,-5.8,15686.1285,7.82325,1.26859042,25966.28,11,0.18,,0
156,TRAYFAYAD,TRAYLAYAD,,,HLA-C*07:02,0.17955,0.7029052,-0.2599,,,,,,,,,3.8,23066.3651,32.637,1.051042528,15977.74,7.2,0.08,,0
157,VLSVSSEGQH,VLSVSSGGQH,,,HLA-B*27:02,-0.27919,0.79383963,1.257,,,,,,,,,-4.8,27630.22776,48.461875,0.748033893,46756.91,81,0.1,,0
158,ELDKGFFVGN,ELDKGSFVGN,,,HLA-C*15:02,0.10204,0.5147266,0.1944,,,,,,,,,5.1,23875.16359,30.391375,0.731963427,44909.91,77,0.09,,0
159,ERLTKESKT,ELLTKESKT,,,HLA-A*01:01,-0.34591,0.30244753,1.205,,,,,,,,,-12.8,34073.50254,80.00575,0.598130447,46756.91,100,0.08,,0
160,LPYKRKPPQ,LPYKPKPPQ,,,HLA-C*16:02,-0.38664,0.8901554,-0.0933,,,,,,,,,-15.5,14964.71935,29.610875,0.766800204,33042.63,38,0.19,,0
161,EIWMRFIRRI,EIRMRFIRRI,,,HLA-B*35:02,0.2588,0.9533786,0.3298,,,,,,,,,-4.3,33620.59064,80.12425,1.108091495,37415.93,26,0.15,,0
162,VPTPWVPSSV,VPTPRVPSSV,,,HLA-B*40:01,0.01062,0.63658446,-0.1224,,,,,,,,,-1.5,27703.22828,9.233625,1.107487579,34640.63,27,0.21,,0
163,AFKNELLADH,AFKNQLLADH,,,HLA-C*03:04,0.04573,0.92471963,0.0528,,,,,,,,,-1.1,29772.71208,52.086875,1.106864733,46624.55,75,0.09,,0
164,NNDGTLDIF,NKDGTLDIF,,,HLA-B*14:02,0.16514,0.76467574,0.8451,,,,,,,,,3.7,9149.757167,5.859625,1.008127653,26283.42,16,0.09,,0
165,RQRLVKCMRC,RQRLVKRMRC,,,HLA-C*04:01,-0.33287,0.9519015,0.5402,,,,,,,,,4,30001.1807,47.388375,1.137243575,31912.98,24,0.12,,0
166,PNLVFLGIEA,PNLVFSGIEA,,,HLA-B*51:01,0.34386,0.88080996,0.47,,,,,,,,,11.4,29645.71696,40.00525,0.820786022,42128.49,53,0.1,,0
167,SQENVSEGM,SQGNVSEGM,,,HLA-B*44:03,0.01476,0.94230753,0.5853,,,,,,,,,-4,6006.84025,2.066875,1.28805564,18644.5,6.8,0.31,,0
168,LRSFDHYAT,LGSFDHYAT,,,HLA-B*35:03,0.13589,0.60453224,0.7419,,,,,,,,,-3.4,29853.8029,31.774125,0.726381136,39284.43,22,0.16,,0
169,SCQMQTEKK,SRQMQTEKK,,,HLA-C*06:02,-0.33206,0.90901476,0.5608,,,,,,,,,-9.7,4991.11126,8.64475,0.378510078,44772.12,84,0.1,,0
170,AASDLSPPP,AASDLPPPP,,,HLA-A*02:01,-0.21375,0.842769,0.4732,,,,,,,,,-3.7,13873.94196,7.292625,0.824891586,26330.67,34,0.13,,0
171,APTALASGF,APTALASGS,,,HLA-B*35:03,-0.04182,0.47634363,0.138,,,,,,,,,6.2,186.5416815,0.396625,13.86353609,7297.18,0.84,0.64,,0
172,PAVAAPAMVA,PAVAAPAVVA,,,HLA-A*02:01,-0.00718,0.8355031,0.2894,,,,,,,,,9.9,22647.61685,15.24975,0.867530615,20304.74,25,0.13,,0
173,TEKNTFGWIR,TQKNTFGWIR,,,HLA-C*06:02,0.37189,0.99697083,-0.0362,,,,,,,,,1.8,8627.833597,13.117125,0.946863356,32673.96,27,0.16,,0
174,LNVGMLCAEN,LNVGMLCAGN,,,HLA-A*24:02,-0.09353,0.7719921,-0.0925,,,,,,,,,6.1,30962.70134,42.4475,0.704431945,42279.63,61,0.07,,0
175,RREKFKKEL,RREKLKKEL,,,HLA-A*01:01,-0.397,0.14509177,0.5996,,,,,,,,,-12.4,31736.8119,43.368875,0.83099919,41380.38,81,0.09,,0
176,IGETPYECKE,IGEKPYECKE,,,HLA-C*07:01,-0.02009,0.85721415,0.0709,,,,,,,,,-8.5,27834.69624,41.66725,1.148914915,43741.21,85,0.05,,0
177,GSHFVFVPS,GSHLVFVPS,,,HLA-B*35:02,0.30706,0.7590511,0.3747,,,,,,,,,12.4,31233.68851,31.677625,0.893525004,35054.61,20,0.12,,0
178,TVNTKQVIQ,TVNTKRVIQ,,,HLA-C*08:02,-0.16948,0.8561875,0.5506,,,,,,,,,0.6,24816.1756,17.4145,1.409299721,42661.49,53,0.07,,0
179,FGPHLLLTL,FGPDLLLTL,,,HLA-C*03:04,0.02103,0.93767405,-0.1787,,,,,,,,,7.5,43.9858836,0.10425,0.303357314,529.96,0.57,0.16,,0
180,IPPGQSGAGP,IPPGRSGAGP,,,HLA-C*07:02,-0.15868,0.9374286,0.0462,,,,,,,,,-3.7,11519.89648,12.962,1.12527002,44785.2,90,0.08,,0
181,WDLQDRYAQV,WDLQDRYAQD,,,HLA-A*32:01,-0.0863,0.799532,0.7941,,,,,,,,,-14.5,30625.56458,54.874,1.131959125,30866.01,24,0.08,,0
182,RMSLLSPTL,RMSLLSPKL,,,HLA-C*16:02,-0.21807,0.84865457,0.4777,,,,,,,,,4.5,201.7101387,2.107125,1.567894643,1174.11,0.89,0.34,,0
183,DLPKAGSRL,DLPKAGSGL,,,HLA-B*27:02,-0.25998,0.98383015,0.5542,,,,,,,,,-7.8,16181.13416,10.679625,0.655746339,46253.75,74,0.09,,0
184,PTYSRQGMP,PTYSRQGMS,,,HLA-C*07:04,-0.30031,0.91064304,0.0329,,,,,,,,,-7.3,26662.99396,54.550375,1.163908131,43961.35,70,0.07,,0
185,LRSRARVRML,LRSRARVRTL,,,HLA-B*40:01,0.06682,0.7660625,0.8377,,,,,,,,,-5.6,29679.04431,13.19875,0.774779809,29617.88,17,0.33,,0
186,AFCIQLCCID,AFCIQLFCID,,,HLA-A*01:01,-0.02567,0.31009445,0.4933,,,,,,,,,14.3,31284.08786,36.0395,1.63191082,38156.71,61,0.08,,0
187,EYLSSQASGA,ESLSSQASGA,,,HLA-A*02:01,-0.52696,0.15850358,0.7406,,,,,,,,,-4.5,28308.09645,31.686,0.643265164,12775.09,17,0.16,,0
188,TVKDGILVS,TVKDGILVR,,,HLA-C*03:04,0.12536,0.8183382,0.1749,,,,,,,,,8.6,3869.332533,4.314125,0.669544809,23809.09,13,0.14,,0
189,KKRHERLFHQ,KKRHERLFHR,,,HLA-C*07:02,0.30451,0.90455264,0.2266,,,,,,,,,-7.8,28890.93395,63.427625,0.637494309,32192.87,32,0.09,,0
190,ALAHVDEQVF,APAHVDEQVF,,,HLA-B*14:02,0.12766,0.70554155,0.5511,,,,,,,,,-5.3,22633.46785,16.820625,0.389662988,36166.09,40,0.12,,0
191,YIYKEPKLTS,YIYKEPKLTP,,,HLA-A*24:02,-0.32118,0.44176003,0.9549,,,,,,,,,-9.8,32293.90452,62.5375,1,25187.6,14,0.1,,0
192,SRPKAFNTPF,SRPEAFNTPF,,,HLA-C*06:02,-0.04831,0.97962195,0.8879,,,,,,,,,-5.1,811.03603,2.390125,0.420636996,2430.19,0.54,0.18,,0
193,SGTLDPKAL,SGALDPKAL,,,HLA-C*07:01,-0.14654,0.716053,0.8398,,,,,,,,,-3.4,2237.869552,3.433125,0.808519934,21879.12,13,0.09,,0
194,IVASGWTNQS,IVASGRTNQS,,,HLA-C*03:04,0.05833,0.9609517,-0.0111,,,,,,,,,-9.8,25319.34363,28.7785,0.780070191,35037.93,26,0.14,,0
195,KHIAYNHPS,KQIAYNHPS,,,HLA-B*40:01,0.0937,0.7890995,0.286,,,,,,,,,-7.8,32089.8444,30.6685,0.430368293,30672.91,19,0.22,,0
196,FSVLLFMAV,FSVLLFVAV,,,HLA-A*01:01,-0.0237,0.34641057,-0.2967,,,,,,,,,14.1,19193.35478,6.598375,1.077594862,14047,4.1,0.23,,0
197,KDMAFVDPD,KDLAFVDPD,,,HLA-A*01:01,0.14747,0.29241773,0.2157,,,,,,,,,3.7,31533.48317,39.439125,1,37295.06,56,0.08,,0
198,STSSSTSAAA,STSSSTSSAA,,,HLA-B*57:01,-0.44332,0.96295583,0.9741,,,,,,,,,0.5,12787.29976,9.38725,1.092825375,17335.3,13,0.14,,0
199,HALLQVATF,LALLQVATF,,,HLA-B*35:01,-0.033,0.8108339,0.3619,,,,,,,,,5.6,28.5385896,0.0185,8.216216216,44.59,0.09,1.32,,0
200,KDFKLEIEK,KDFKLEVEK,,,HLA-B*27:02,0.07527,0.9631733,1.2866,,,,,,,,,-2.6,5977.180058,3.596125,1.074246585,44202.22,50,0.13,,0
201,NPPGMDVQLW,NPPGMDDQLW,,,HLA-C*07:02,-0.18428,0.872983,0.1543,,,,,,,,,2.5,14806.95139,16.48325,0.976969044,34537.32,39,0.09,,0
202,VSSSGGGYSS,GSSSGGGYSS,,,HLA-B*07:02,-0.22205,0.94195193,1.353,,,,,,,,,-4.1,26246.49134,15.10775,1.042180338,34004.49,40,0.13,,0
203,SAPYGLGNP,TAPYGLGNP,,,HLA-B*07:02,0.04006,0.31619748,0.5645,,,,,,,,,-1.8,22652.51885,9.787875,1.106445475,35018.21,44,0.1,,0
204,FGLATEKSRW,FGLATVKSRW,,,HLA-A*01:01,-0.14131,0.29492506,0.6741,,,,,,,,,-11.6,27304.67325,16.697625,1.10132429,28483.02,21,0.14,,0
205,RSPVNRSPSR,GSPVNRSPSR,,,HLA-A*02:01,-0.17971,0.7111825,0.1013,,,,,,,,,-7,26816.1422,25.389875,0.96111639,36808,61,0.13,,0
206,VFILSAALY,VFILSAAPY,,,HLA-A*01:01,-0.06569,0.43311456,-0.5354,,,,,,,,,10.4,2742.469402,1.47725,1.739972923,12260.23,3.4,0.45,,0
207,NEPLFTMCFI,NEPLFTMCFV,,,HLA-C*07:01,-0.00536,0.50614166,0.3709,,,,,,,,,13.1,27651.07236,41.66725,1,26641.32,20,0.1,,0
208,AIFATALAQE,AIFATAVAQE,,,HLA-C*06:02,0.10817,0.98514944,0.0073,,,,,,,,,5,21950.99682,43.878375,0.876109245,43669.31,75,0.11,,0
209,EKQSPASLSS,EEQSPASLSS,,,HLA-B*35:02,-0.43852,0.42879045,0.4014,,,,,,,,,1.6,33070.08046,61.52925,0.413010885,42362.52,45,0.11,,0
210,NINANSSSS,IINANSSSS,,,HLA-C*03:04,-0.36104,0.9239656,0.5203,,,,,,,,,-4.1,22032.12814,20.440125,0.750692572,28211.89,17,0.13,,0
211,LSAACYQRQ,LSAACYQRR,,,HLA-C*05:01,-0.07143,0.9449239,0.3313,,,,,,,,,-5,29205.57551,47.357125,0.718759321,37006.86,34,0.09,,0
212,MPVLAIHGK,LPVLAIHGK,,,HLA-C*06:02,0.21272,0.97775877,0.253,,,,,,,,,6.5,5799.008794,9.659375,1.129420899,39108.45,48,0.26,,0
213,SLSTPPAAT,SLDPTSCHP,,,HLA-C*05:01,0.02,0.9983308,0.4177,,,,,,,,,-0.3,8473.888413,6.537375,0.253905428,27001.74,14,0.13,,0
214,CGVQKAFVFY,CGVQKASVFY,,,HLA-C*12:03,-0.06162,0.63340783,0.0748,,,,,,,,,4.2,9892.738505,11.107625,0.850508097,12385.83,9.1,0.11,,0
215,HLKAVHTCS,HLKALHTCS,,,HLA-A*02:01,0.04128,0.6610335,0.7067,,,,,,,,,4.6,22471.36933,15.24975,1.214921556,24472.49,31,0.25,,0
216,EKNVCEFDA,EKNVREFDA,,,HLA-B*44:02,0.19295,0.25881723,-0.2659,,,,,,,,,2.5,30897.8567,24.445125,1.106457832,31229.14,28,0.14,,0
217,FEENIFLQW,FEEKIFLQW,,,HLA-A*01:01,0.18875,0.41211674,0.2326,,,,,,,,,4.1,3857.186906,1.78725,1.251154008,21242.99,8.9,0.19,,0
218,RQNTDKLDK,RQNTEKLDK,,,HLA-C*04:01,-0.14084,0.84578115,0.8441,,,,,,,,,-7.8,20143.30138,12.18325,1.046949706,37609.51,47,0.08,,0
219,CINGFKRNHN,CINGFKRDHN,,,HLA-B*44:03,-0.00184,0.82718486,0.1911,,,,,,,,,-12.7,33134.81552,62.476625,0.862430549,40636.74,66,0.09,,0
220,ERSRDLAEKN,ERSRDLAEEN,,,HLA-B*07:02,0.00451,0.38926858,0.5582,,,,,,,,,-9.8,31994.26023,51.454,1,43760.6,90,0.07,,0
221,QPVAKAGRQA,QPVAKAGRQP,,,HLA-C*06:02,-0.11123,0.96309435,1.0484,,,,,,,,,-8.7,22005.35423,44.888625,1.102275354,40034.06,53,0.13,,0
222,APPQYLTDDV,APPQYLTDDL,,,HLA-A*02:01,-0.06634,0.34193242,0.2479,,,,,,,,,-8.7,26679.25989,25.389875,1,28898.05,39,0.22,,0
223,RVRFLDLDD,RVRSLDLDD,,,HLA-C*04:01,0.14828,0.9510857,1.5704,,,,,,,,,3.4,31372.09732,61.537875,0.820970012,40803.28,68,0.06,,0
224,LYVIESALG,LYVIQSALG,,,HLA-C*07:01,0.11563,0.74046475,-0.2222,,,,,,,,,5.8,28639.77733,47.872125,1,29883.76,26,0.07,,0
225,LRDINISGDV,LRAINISGDV,,,HLA-B*40:01,0.15025,0.759711,1.1367,,,,,,,,,0.8,29235.38087,12.28525,1.520471704,30119.42,18,0.22,,0
226,EKLHEGEDA,EKLHEWEDA,,,HLA-A*02:01,0.25581,0.43147534,1.4327,,,,,,,,,-14.1,29834.76079,41.398,0.94370199,46849.07,99,0.09,,0
227,TITVTNLGTP,TITVTDLGTP,,,HLA-A*02:01,0.12648,0.6427627,0.1142,,,,,,,,,2.7,26255.65446,23.491125,0.89748256,26164.55,34,0.12,,0
228,RAFIARTLRT,RASIARTLRT,,,HLA-A*01:01,0.31784,0.13603833,-0.199,,,,,,,,,0.4,32757.04433,52.948,0.744865245,32215.5,33,0.15,,0
229,QATQNFLKKG,QATQNFLEKG,,,HLA-C*07:01,-0.3147,0.88212335,0.5268,,,,,,,,,-8.2,29789.95521,58.7955,0.855463003,40549.8,66,0.07,,0
230,PVALEVLGIR,PVALEVLGIW,,,HLA-A*24:02,0.23516,0.5490785,-0.3315,,,,,,,,,12.4,28936.0008,25.78325,0.424156187,42906.84,66,0.1,,0
231,IPAWAFYSSA,IPAWAFYSGA,,,HLA-C*03:04,0.14793,0.91769713,0.4333,,,,,,,,,0.8,22384.44384,20.914,1.33431553,12859.83,5.4,0.5,,0
232,FLPARPGSL,FPPARPGSL,,,HLA-C*04:01,0.00767,0.984061,0.8973,,,,,,,,,-5.5,57.81665664,0.090375,3.867219917,6029.21,0.27,0.21,,0
233,HRSLQSCPV,HRSLQSCPL,,,HLA-A*01:01,-0.38537,0.2839004,-0.0219,,,,,,,,,0.4,33463.27365,65.40275,0.899247356,30560.29,27,0.12,,0
234,KVDEWMPTKE,KLDEWMPTKE,,,HLA-C*06:02,0.04897,0.9962622,0.6997,,,,,,,,,-8.7,11713.50678,17.64,1.202196712,45187.74,87,0.11,,0
235,GDQDDVVEWK,VDQDDVVEWK,,,HLA-C*05:01,0.2993,0.96575326,1.6172,,,,,,,,,-3,2864.381847,3.305875,0.842326162,38051.59,37,0.07,,0
236,PVNGSQEEAT,PVNGSQEEAK,,,HLA-A*23:01,-0.04029,0.6500728,0.9727,,,,,,,,,-9.9,30925.97181,55.25525,0.299645735,47574.95,100,0.08,,0
237,GDNFTKAPS,RDNFTKAPS,,,HLA-C*12:03,-0.02296,0.5839728,0.8258,,,,,,,,,-1.6,28125.17556,51.46925,1.209625165,45724.32,92,0.07,,0
238,KSRLFSQPLG,KSRLVSQPLG,,,HLA-C*05:01,-0.16634,0.9819694,-0.0526,,,,,,,,,4.5,30948.48954,60.804125,0.949275645,32457.98,22,0.1,,0
239,GARALPSPPG,GARALPGPPG,,,HLA-C*16:01,-0.137,0.8999642,-0.3062,,,,,,,,,-8.88E-16,17829.68245,22.625,0.714635359,26880.78,30,0.13,,0
240,ASAGYDVEKN,AAAGYDVEKN,,,HLA-A*01:01,0.06216,0.3257678,0.6494,,,,,,,,,-8.4,26291.38094,14.07975,1.636694544,31973.46,32,0.11,,0
241,AAAQARVAYL,AAARARVAYL,,,HLA-A*01:01,0.05436,0.17753093,0.5083,,,,,,,,,-1.5,28939.80033,21.69375,1.525203111,25850.79,16,0.31,,0
242,EATSTHHETL,EAKSTHHETL,,,HLA-A*01:01,0.05306,0.42195302,1.1756,,,,,,,,,-12.1,28421.33073,19.378125,1.269085631,23544.72,13,0.23,,0
243,QEYISVQTG,QEYIPVQTG,,,HLA-A*29:02,-0.0646,0.8949639,0.3145,,,,,,,,,3.7,28924.6621,32.57675,0.859113478,39619.51,65,0.08,,0
244,NAGLIGWVPH,NSGLIGWVPH,,,HLA-A*23:01,0.39931,0.9105673,0.1446,,,,,,,,,9.6,29158.23639,36.960625,0.927716996,40582.71,60,0.11,,0
245,KIYHSQSPHY,KIYRSQSPHY,,,HLA-A*01:01,-0.38874,0.5484,0.5998,,,,,,,,,-13.1,3464.640892,1.687,1.558609959,12328.47,3.4,0.68,,0
246,TRTPSSFED,TRTPSPFED,,,HLA-B*51:01,-0.15809,0.9715023,0.1829,,,,,,,,,-3.9,30072.4545,46.1645,0.75773863,45543.09,81,0.07,,0
247,PFPQNPLGMD,PFPQNPLGMG,,,HLA-B*44:02,-0.2217,0.23798344,-0.311,,,,,,,,,-3.3,33014.72166,51.236375,1,42561,91,0.05,,0
248,SHPGFSWPVM,SRPGFSWPVM,,,HLA-C*02:02,0.20667,0.9955536,0.3125,,,,,,,,,3.3,12683.11891,16.984875,0.788399974,21564.89,14,0.18,,0
249,FSVSAENAAG,FRVSAENAAG,,,HLA-A*03:01,0.03232,0.7415414,0.6647,,,,,,,,,-2.4,31773.8717,37.523125,1.261042357,35661.35,53,0.1,,0
250,GSYDSLADY,GSDDSLADY,,,HLA-C*03:04,-0.10444,0.9217622,1.2965,,,,,,,,,-2.2,1695.109965,2.8885,1.445213779,10475.86,4.5,0.1,,0
251,RKRYGGFMKK,MKRYGGFMKK,,,HLA-A*29:02,-0.08492,0.9302134,0.0881,,,,,,,,,-1.3,27878.65473,27.987125,1.103788796,27281.61,24,0.16,,0
252,TETQAEDTEL,TETQAEDTEP,,,HLA-A*02:01,0.14378,0.109402046,1.0146,,,,,,,,,-12.9,15201.94746,8.10625,3.561973786,32428.14,47,0.15,,0
253,EHKLLLTGT,EHKVLLTGT,,,HLA-A*24:02,-0.04984,0.5597015,0.5382,,,,,,,,,10.3,30079.321,35.31175,1,41448.48,56,0.08,,0
254,FDGYVDNGLE,FDGYLDNGLE,,,HLA-A*68:01,0.08511,0.22760312,0.5562,,,,,,,,,-0.7,25739.79786,16.905125,1.061549382,30147.14,37,0.07,,0
255,GKAHFVSKIP,GKAHFVSKIT,,,HLA-A*01:01,-0.06052,0.28336203,0.7973,,,,,,,,,3.6,34085.44568,80.00575,1,43255.05,91,0.08,,0
256,TQIHIIPDT,TQIHIMPDT,,,HLA-B*07:02,0.33423,0.32230753,0.5936,,,,,,,,,0.7,30649.73169,35.098875,1.324112952,38693.85,60,0.14,,0
257,CKYPIDLAG,RKYPIDLAG,,,HLA-B*39:01,0.15162,0.9693579,-0.4037,,,,,,,,,5,23678.10092,10.413,0.660928647,18113.98,8.7,0.14,,0
258,LVWNVAQGGT,LVWNAAQGGT,,,HLA-A*03:01,0.08305,0.7906412,0.9292,,,,,,,,,-1.8,30778.64264,28.558125,0.865835029,27470.29,27,0.14,,0
259,VKKLIPEFY,VKELIPEFY,,,HLA-C*07:04,0.1909,0.7665651,-0.2014,,,,,,,,,6,11413.27271,18.4695,0.786871599,37435.77,35,0.09,,0
260,SEVTYKEDYE,SEVKYKEDYE,,,HLA-A*01:01,-0.05033,0.58407784,0.8041,,,,,,,,,-14.2,29112.53674,23.04425,1.142909837,37417.13,57,0.08,,0
261,CTWVIIADER,CTWVIIAEER,,,HLA-B*08:01,0.48669,0.90387756,0.9781,,,,,,,,,8,30925.01648,47.69475,0.916736119,35656.7,72,0.09,,0
262,KKLPDNSHLP,KKLLDNSHLP,,,HLA-C*05:01,-0.13437,0.9672862,0.3952,,,,,,,,,-8.8,30166.57339,54.8305,1.170397863,39381.48,42,0.08,,0
263,TLEYQDAPL,TLEYQDAPS,,,HLA-C*16:01,-0.0366,0.9532567,0.6579,,,,,,,,,-8.1,12150.58759,16.168625,2.586367115,11875.85,12,0.17,,0
264,LGMCLQRLQ,LGMCLQRLR,,,HLA-C*04:01,-0.19389,0.96853304,-0.2494,,,,,,,,,2.1,30039.61477,47.388375,0.613974419,36073.87,40,0.07,,0
265,EGQGSSFVS,EGQGYSFVS,,,HLA-B*18:01,-0.19741,0.902953,0.7115,,,,,,,,,5,30089.0179,22.663625,1.091264085,33421.97,35,0.1,,0
266,RSPDKPGGSS,RSPDKPGGSP,,,HLA-C*07:01,-0.23824,0.98509604,0.5652,,,,,,,,,-10.6,14422.41497,11.64425,1.102872662,32835.22,34,0.07,,0
267,RATFHVLFLF,RAKFHVLFLF,,,HLA-B*13:02,0.28398,0.7078094,0.1365,,,,,,,,,14.2,14490.97665,12.81225,1.234277742,7037.19,1.5,0.28,,0
268,KGSSHSGNPS,KGPSHSGNPS,,,HLA-A*29:02,-0.32981,0.40180027,1.2344,,,,,,,,,-10.3,31377.53834,50.764875,0.763677641,39507.81,65,0.09,,0
269,MQLYPGWSAW,MQLYPGWSAR,,,HLA-A*24:02,0.10663,0.73297316,0.0448,,,,,,,,,-3.2,5590.997307,2.6235,5.797550982,762.84,0.56,0.24,,0
270,ELRVLRNSGT,ELRVLRNSGS,,,HLA-A*32:01,-0.02797,0.9892184,1.3252,,,,,,,,,-1.2,29948.98984,48.563875,1.063074147,45040.32,77,0.08,,0
271,VAGCGGGIP,VAGVVSLPQ,,,HLA-B*40:01,0.12801,0.9548671,0.4762,,,,,,,,,5.8,27752.28911,9.233625,3.86486889,40480.53,50,0.09,,0
272,EAITIGLTK,EAIKIGLTK,,,HLA-C*06:02,0.25708,0.99666286,-0.0019,,,,,,,,,6.5,529.4121914,1.72825,1.191089252,31594.85,25,0.18,,0
273,NDVSFLGPV,NDVSSLGPV,,,HLA-A*02:01,-0.02739,0.50506324,0.7553,,,,,,,,,3.8,9881.064888,5.40175,1.481487481,8336.71,12,0.18,,0
274,RDTVTVLGLT,HDTVTVLGLT,,,HLA-B*07:02,0.14382,0.28111258,-0.1671,,,,,,,,,14.9,30597.05488,35.098875,0.785990292,33715.81,39,0.09,,0
275,VVWNPLLEA,AVWNPLLEA,,,HLA-C*07:01,0.09329,0.9535265,0.6257,,,,,,,,,-1,18525.18614,15.9575,0.738555538,18011.18,8.2,0.1,,0
276,KRQMRKAYVV,KLQMRKAYVV,,,HLA-A*02:01,-0.31607,0.4983236,0.3369,,,,,,,,,-1.8,29596.0983,39.067375,0.078441411,2708.88,5.5,0.17,,0
277,FYLDVKQNAN,FYLDVKQNAK,,,HLA-C*05:01,-0.24272,0.97039664,0.847,,,,,,,,,-8.4,25634.46179,29.717,0.345618669,32125.71,22,0.08,,0
278,WWKAFFRQL,WWKAFSRQL,,,HLA-B*27:05,0.16957,0.86953515,1.2226,,,,,,,,,-0.6,7865.8116,18.875,0.906006623,8116.51,6.9,0.11,,0
279,FNRIGDPSMD,FNRIGDPSVD,,,HLA-C*04:01,-0.04734,0.97841746,0.8362,,,,,,,,,0.1,26791.82289,27.7405,0.753217318,38667.48,53,0.07,,0
280,MEIWRQQEQW,MEAARAVDLI,,,HLA-C*03:04,0.11147,0.9167839,-0.0136,,,,,,,,,-19.4,24331.09117,25.5805,1.284523367,37302.73,30,0.11,,0
281,VDSICQDSL,VDSIRQDSL,,,HLA-A*03:01,-0.15926,0.74184245,0.0214,,,,,,,,,-0.8,30024.65499,23.19225,1.142008645,40548.02,78,0.07,,0
282,SLFSQHKRI,SLLSQHKRI,,,HLA-A*02:01,-0.36258,0.8060436,0.22,,,,,,,,,-15.9,230.40268,0.9565,1.527705175,1936.32,4.6,1.08,,0
283,VSPSTQVKK,VPPSTQVKK,,,HLA-C*17:01,-0.33247,0.9514736,0.842,,,,,,,,,-4.7,5934.994207,6.74825,1.441929389,30794.63,23,0.08,,0
284,KSTHGVLRN,KSTHGVPRN,,,HLA-B*45:01,0.13789,0.9543373,0.9842,,,,,,,,,-0.1,31312.58407,47.081125,1,42987.69,80,0.09,,0
285,WIIPPDPRN,WTIPPDPRN,,,HLA-C*07:04,0.063,0.97362846,0.6388,,,,,,,,,-12.8,23887.13164,43.9625,1.132678419,46192.22,89,0.07,,0
286,KYTLLQDYGF,KDTLLQDYGF,,,HLA-B*15:01,-0.0846,0.8594512,0.4638,,,,,,,,,-1.1,29393.9959,30.10325,0.841649157,7740.16,8.5,0.31,,0
287,LCSFMRQECL,LCNFMRQECL,,,HLA-A*02:01,-0.11254,0.6364305,0.7251,,,,,,,,,-4.3,23361.3394,16.497375,1.08999159,19076.49,24,0.18,,0
288,DPRPNGNPAA,DPRPNGDPAA,,,HLA-B*15:01,0.03975,0.5044878,0.0355,,,,,,,,,-8.8,21069.40627,10.59675,1.085698445,35721.2,68,0.15,,0
289,LCGAAIGEV,LCGAATGEV,,,HLA-B*38:01,0.30085,0.8633677,-0.4685,,,,,,,,,4.2,23687.80379,13.64875,1.055270629,40873.55,48,0.17,,0
290,LARQCTALMA,LARQCTALTA,,,HLA-C*08:02,-0.18959,0.78261054,0.1532,,,,,,,,,5.8,27495.20453,24.54225,0.687258707,28071.2,13,0.24,,0
291,TNKPRVNED,KNKPRVNED,,,HLA-C*05:01,0.06114,0.9967497,0.0974,,,,,,,,,-8.9,25270.57435,27.92075,1.548669001,47173.59,94,0.07,,0
292,LLCSFMRQEC,LLCNFMRQEC,,,HLA-A*24:02,-0.23151,0.3690913,0.5373,,,,,,,,,-7.6,28550.3411,24.105125,0.883733231,38598.1,42,0.11,,0
293,AALGRNHRA,AALGRNHLA,,,HLA-B*35:03,0.13235,0.94461423,0.9511,,,,,,,,,-16.1,20626.52136,8.503375,0.457097917,39828.41,23,0.19,,0
294,GMDGLEKHC,GMDGLEKHR,,,HLA-C*05:01,-0.03835,0.960527,0.5271,,,,,,,,,-7.2,768.8994098,1.69625,2.461532793,27120.03,14,0.08,,0
295,PRSSSSQVFA,PRSSSSQVSA,,,HLA-B*15:01,-0.54817,0.67220324,0.3328,,,,,,,,,1.1,32403.51022,58.56225,0.725405445,29285.51,46,0.11,,0
296,GWHLPRQGQ,AGTSRGRGS,,,HLA-A*11:01,-0.0407,0.18825415,0.6458,,,,,,,,,-6.2,29569.90111,25.584,1.318592675,40434.55,70,0.09,,0
297,SVLALELRDG,PVLALELRDG,,,HLA-B*51:01,0.16867,0.97439027,0.2675,,,,,,,,,-2.1,31347.48054,57.85,1.080659032,43934.73,66,0.07,,0
298,RRPRCCCGRD,RRPRCCSRAG,,,HLA-B*14:02,-0.04843,0.90668833,-0.6012,,,,,,,,,-1.9,30072.17704,47.63575,0.423736374,41488.86,66,0.08,,0
299,SDSAAIIHD,SDPAAIIHD,,,HLA-C*14:02,0.28027,0.52387166,1.1898,,,,,,,,,9.4,28527.70585,48.962125,0.65337493,46077.41,100,0.05,,0
300,AQEVNTCVT,AQEVNTCGT,,,HLA-C*07:02,0.0829,0.859028,0.3071,,,,,,,,,6.7,22233.2269,30.450625,1.327879149,33685.16,36,0.1,,0
301,SILPIHVPPG,SIPPIHVPPG,,,HLA-B*44:03,0.16936,0.99529994,-0.2115,,,,,,,,,0.7,32288.23809,40.329625,0.619659246,33654.57,29,0.15,,0
302,ECHQVALLS,EGHQVALLS,,,HLA-C*05:01,-0.04487,0.9747744,1.4285,,,,,,,,,10.1,26141.48051,31.7315,1,44519.46,72,0.08,,0
303,HRCTLQPSLQ,HRSTLQPSLQ,,,HLA-A*02:01,-0.25858,0.79302955,0.0948,,,,,,,,,1,30397.79755,46.778375,1,40794.47,76,0.07,,0
304,ASTALGAAS,ASTASGAAS,,,HLA-B*35:01,0.12895,0.6304023,0.1499,,,,,,,,,8.8,26654.2194,18.776125,0.861706023,31294.76,24,0.13,,0
305,DEMKLQNLR,DEMKLRNLR,,,HLA-B*15:01,-0.40578,0.81119585,1.0628,,,,,,,,,-3.3,18669.41405,8.746,1.143036817,39327.83,82,0.13,,0
306,HCPNQYPCK,HCPNRYPCK,,,HLA-A*01:01,-0.16725,0.4232653,-0.2442,,,,,,,,,-7.4,23614.03573,10.100375,1.204942886,37623.78,58,0.13,,0
307,GDGPPKVDFP,GDGPPRVDFP,,,HLA-C*08:02,-0.09498,0.7283558,0.8625,,,,,,,,,-3.6,27251.7228,23.472375,1.094355599,46319.84,83,0.05,,0
308,YIKINTLQVF,YMKINTLQVF,,,HLA-C*04:01,0.01134,0.98695856,0.3949,,,,,,,,,4.8,19796.32969,11.64775,0.726985899,20365.02,4.3,0.22,,0
309,STSGREFDVF,STSGQEFDVF,,,HLA-C*17:01,0.28134,0.88027245,0.8749,,,,,,,,,-4.9,3975.816498,5.532875,0.718320042,14597.36,6.7,0.11,,0
310,PLAAINSQAA,PLAAINPQAA,,,HLA-A*02:01,-0.05526,0.49740985,0.665,,,,,,,,,0.3,17944.20053,10.046875,0.6722986,13998.9,18,0.5,,0
311,LGMCLQRLQ,LGMCLQRLR,,,HLA-A*11:01,-0.19389,0.5419772,-0.2494,,,,,,,,,2.1,25403.55531,14.257625,0.21179895,23866.09,19,0.15,,0
312,RPKDGSTKP,RPKDDSTKP,,,HLA-C*05:01,-0.26365,0.97259307,1.1594,,,,,,,,,-9.3,20411.43824,17.513875,1.133965213,41308.36,51,0.14,,0
313,HSTFHLDFGT,HSTFHLDFGP,,,HLA-B*50:01,0.29058,0.96421397,0.1162,,,,,,,,,2.3,30590.06995,46.483125,0.936054751,33131.42,34,0.11,,0
314,QQHDPDTNS,QQHDPDTDS,,,HLA-C*07:01,0.07188,0.92198336,-0.3107,,,,,,,,,-12.8,22077.22466,21.63775,1.186444986,41277.52,70,0.09,,0
315,TQLGESAGK,TELGESAGK,,,HLA-A*01:01,0.02509,0.4922494,1.2856,,,,,,,,,-3.3,23854.3081,10.386625,0.635276136,37143.24,56,0.13,,0
316,ATCSVWHDTK,ATCSAVWHDT,,,HLA-C*04:01,0.14378,0.98149204,0.5346,,,,,,,,,-4.9,25278.89046,22.50325,2.245042383,36459.19,42,0.12,,0
317,FKECIGYPHL,FKERIGYPHL,,,HLA-C*03:04,0.14691,0.8566757,-0.5708,,,,,,,,,0.5,25708.25874,29.712625,1.455197917,18334.04,8.1,0.21,,0
318,NSATFKLFED,NSATFKSFED,,,HLA-C*05:01,0.10262,0.9926988,0.7407,,,,,,,,,1.3,30468.33992,57.719875,0.903464794,40785.18,48,0.08,,0
319,RPPQGGNQS,PPPQGGNQS,,,HLA-B*15:01,-0.1284,0.8265206,1.3265,,,,,,,,,-11.3,21417.90246,10.80925,1.264275967,38630.27,79,0.14,,0
320,GGKGPGGCYY,GGKGPGGSYY,,,HLA-A*30:01,-0.02946,0.8572544,0.6338,,,,,,,,,-1.6,5071.129445,3.09425,1.034620667,4562.73,9.5,0.17,,0
321,GNFIYSQAA,GNFIYSQAD,,,HLA-A*01:01,-0.06231,0.37424347,-0.3404,,,,,,,,,0.7,31808.02066,43.368875,1.22087557,33132.12,36,0.08,,0
322,SVVDPAVRPK,SVVDPALRPK,,,HLA-B*44:02,0.13908,0.4981583,0.7546,,,,,,,,,-5.2,25725.26279,9.28325,1.1131608,30860.68,27,0.15,,0
323,AAMPYTEAV,AAMPYTDAV,,,HLA-B*07:02,0.07214,0.8245643,0.3967,,,,,,,,,-5.3,935.7211474,1.2055,1.531107424,1508.74,1.4,0.77,,0
324,KVFAQIFSQ,KVFAQIFPQ,,,HLA-B*08:01,0.09199,0.8443268,-0.1915,,,,,,,,,4.8,30074.49736,40.24,1,30831.63,53,0.11,,0
325,DQYKCQNGAQ,DQYECQNGAQ,,,HLA-B*44:03,-0.33813,0.91564393,0.1542,,,,,,,,,-7,29282.52691,16.463,0.603595942,34990.19,33,0.11,,0
326,YPMIIDPSGQ,YPLIIDPSGQ,,,HLA-A*02:01,0.09786,0.15037921,1.3954,,,,,,,,,2.7,26625.92164,24.402625,1.084002233,22388.47,28,0.09,,0
327,DAFSPGIKQ,EDAFSPGIK,,,HLA-B*35:02,-0.12105,0.8570017,0.6738,,,,,,,,,-2.2,13327.39268,1.964375,2.659179128,32925.57,17,0.11,,0
328,FFDRNYEEG,FFDRNYEKG,,,HLA-B*44:03,0.1925,0.9771616,-0.1983,,,,,,,,,-16.3,30622.30219,22.670875,1.224737687,40496.3,65,0.1,,0
329,TSNLSKRPQG,TSDLSKRPQG,,,HLA-A*03:01,-0.41268,0.8947187,0.7161,,,,,,,,,-10.5,31948.32212,37.523125,0.905088529,38003.86,65,0.1,,0
330,NDDDTIKFQ,NDDDTIKSQ,,,HLA-C*12:03,0.079,0.52537656,1.0775,,,,,,,,,-0.8,14072.83861,14.914125,0.802552949,47292.14,99,0.07,,0
331,HLLDMDADSG,HLLDVDADSG,,,HLA-C*06:02,-0.17179,0.9354241,0.4554,,,,,,,,,-7.6,18498.08854,32.190625,0.778363266,45484,89,0.09,,0
332,ASNADVGEN,ASDADVGEN,,,HLA-B*38:01,0.18483,0.7986524,0.5957,,,,,,,,,-1.4,30366.01177,33.633625,0.712657348,46491.56,92,0.08,,0
333,IPCSRHRIP,IPCPRHRIP,,,HLA-B*44:02,0.01832,0.37508857,0.3456,,,,,,,,,-8.5,31470.23429,30.213625,0.809076203,42127.59,89,0.1,,0
334,PNSCFRVLTR,PNSYFRVLTR,,,HLA-C*04:01,0.10863,0.90402323,0.5895,,,,,,,,,8.1,29890.47901,47.388375,1.298585887,41234.68,71,0.06,,0
335,AERVKELHSA,AERVKELPSA,,,HLA-A*11:01,-0.13396,0.83497274,1.4548,,,,,,,,,-3.4,31979.76985,44.00525,0.832576795,37230.15,52,0.12,,0
336,FRDPFECSMC,FRDPFECNMC,,,HLA-B*44:02,-0.08543,0.34211934,0.4348,,,,,,,,,1.3,27144.24225,11.2065,0.888223353,38057.35,62,0.2,,0
337,EFAFDGYVDN,EFAFDGYLDN,,,HLA-B*15:10,0.22942,0.5772202,0.3853,,,,,,,,,-1.7,32599.68002,64.22575,1.096094635,46244.74,73,0.07,,0
338,HEDRVAGCG,HEDRVAGVV,,,HLA-C*03:04,0.13341,0.9503923,0.7241,,,,,,,,,3.6,24516.19321,26.291,0.403850177,46920.09,78,0.08,,0
339,CAQKNKPEVY,CAQKNKPGVY,,,HLA-C*04:01,-0.37272,0.97812176,0.4295,,,,,,,,,-12.2,21006.5947,13.071375,1.488672768,33054.07,28,0.11,,0
340,YVSTTTKVPQ,YVSTTTKVPP,,,HLA-C*16:02,-0.11368,0.94677824,0.7712,,,,,,,,,-3.4,8886.922487,20.3455,1.879420511,23039.45,20,0.18,,0
341,EDVYDCSHDE,EEVYDCSHDE,,,HLA-C*03:03,-0.13669,0.91810125,-0.0038,,,,,,,,,-9.8,16375.79246,23.335875,1,47588.33,86,0.06,,0
342,GWAVINHFSN,VWAVINHFSN,,,HLA-B*45:01,0.21013,0.5052002,0.4134,,,,,,,,,4,31725.47239,51.902875,1.102877249,40656.53,63,0.08,,0
343,ALDQNCQLE,ALDQNCQWE,,,HLA-C*03:04,-0.27065,0.9728815,1.4131,,,,,,,,,-4.2,15529.49469,11.964875,1.832070958,44291.25,57,0.07,,0
344,LRSALAKFK,LKSALAKFK,,,HLA-B*08:01,-0.1019,0.7968958,0.7634,,,,,,,,,6.3,29400.05975,32.056875,1.628281765,33239.13,62,0.09,,0
345,QQAEKLPVA,QQAEKLPGA,,,HLA-C*07:01,-0.09223,0.8944789,0.2811,,,,,,,,,-1,10499.85189,8.575125,1.374382298,20935.19,12,0.14,,0
346,GGSSSARLVG,GGSPSARLVG,,,HLA-B*08:01,-0.27969,0.90503556,1.2563,,,,,,,,,3.7,30045.9191,37.1385,0.863170968,34654.48,68,0.07,,0
347,RHPAGAAHR,PHPAGAAHR,,,HLA-B*40:01,0.15752,0.5757658,0.6226,,,,,,,,,1.8,31051.14257,20.802375,1.474278778,40102.12,48,0.11,,0
348,PDSFYFSDY,PDFFYFSDY,,,HLA-B*51:01,0.04404,0.82151544,0.6435,,,,,,,,,0,30090.94957,46.1645,0.809388166,44867.16,75,0.08,,0
349,ESTTESSGD,ESTTGSSGD,,,HLA-A*26:01,-0.12639,0.5856728,1.4041,,,,,,,,,-6.2,30037.918,16.69975,0.86345604,41912.54,59,0.1,,0
350,TKVVQTLWR,TEVVQTLWR,,,HLA-A*32:01,0.09874,0.92106855,-0.0164,,,,,,,,,2.9,25869.04039,25.850125,0.591201203,43821.26,68,0.12,,0
351,QSPRGMTPPL,QSPRGVTPPL,,,HLA-A*29:02,-0.06882,0.8609465,0.3378,,,,,,,,,-6.9,24981.05671,18.35125,0.822655132,31503.35,34,0.13,,0
352,ISSWTPACAR,ISSWTPACAS,,,HLA-B*44:02,0.21038,0.38432837,0.3344,,,,,,,,,2.9,31205.87111,27.0475,1.430141418,32690.23,33,0.15,,0
353,MRECDNPVS,MRECDNPVP,,,HLA-B*44:03,0.00852,0.91352683,0.3709,,,,,,,,,-1.9,31700.9435,31.1625,0.801945447,39497.11,57,0.12,,0
354,GPASTGTPSL,GPAGTGTPSL,,,HLA-A*32:01,-0.15245,0.72481185,-0.0039,,,,,,,,,-5,19963.34331,13.497375,0.812917327,35274.9,33,0.09,,0
355,SVPIEEAVKM,PVPIEEAVKM,,,HLA-B*44:02,0.27099,0.32520595,0.5093,,,,,,,,,-0.4,28510.28204,14.376125,2.101652914,32263.99,32,0.16,,0
356,DPARRITIV,DPARRITIA,,,HLA-C*07:04,0.35098,0.63590336,0.6035,,,,,,,,,-0.7,3086.746916,8.231625,1.860386011,26737.19,12,0.15,,0
357,VTFNGTPSY,VTFDGTPSY,,,HLA-B*07:02,-0.00499,0.82810956,0.4473,,,,,,,,,-7,21674.66457,8.951875,0.797709977,19172.3,13,0.18,,0
358,WFTPDGFWSL,WFTPDGFRSL,,,HLA-B*51:01,0.25652,0.945422,0.3587,,,,,,,,,-4.4,21132.74253,10.92675,0.910208891,23266.9,7,0.17,,0
359,FKNGKDLGL,SKNGKDLGL,,,HLA-A*02:01,-0.14668,0.41441008,1.016,,,,,,,,,-4.4,12737.57366,6.681375,1.663018466,20722.89,26,0.28,,0
360,HNPTNTIVF,HNPTNTIVC,,,HLA-A*32:01,0.20214,0.79032636,0.112,,,,,,,,,3.8,5213.304466,3.96375,5.460832545,24416.16,16,0.1,,0
361,EEKEEAAGVV,EEEEEAAGVV,,,HLA-C*06:02,0.2559,0.9589178,0.8888,,,,,,,,,0.4,19005.67109,33.384625,0.929919087,38352.89,45,0.12,,0
362,NLSDMTLDK,NLPDMTLDK,,,HLA-C*16:01,-0.16224,0.91213095,0.0502,,,,,,,,,-2,972.8949204,4.443375,1.053253439,28125.93,32,0.1,,0
363,YLKTQKLTLN,YLKTQKLTPN,,,HLA-C*05:01,-0.3379,0.99259937,0.1984,,,,,,,,,-1.2,31517.14546,67.729,1.055843878,37448.32,35,0.11,,0
364,ECSCQMQTEK,ECSRQMQTEK,,,HLA-B*57:01,-0.40953,0.8448023,0.2971,,,,,,,,,-6.8,19321.52666,18.94875,1.374081404,28058.46,30,0.09,,0
365,AKRLRETQGI,AKKLRETQGI,,,HLA-B*08:01,0.11212,0.6964,0.5472,,,,,,,,,-8.8,26329.23515,18.878625,1.08871144,8018.83,6.6,0.2,,0
366,NCHKVVRYIL,NCHKVVRDIL,,,HLA-A*01:01,-0.00274,0.16685934,0.0765,,,,,,,,,3.2,33245.24538,65.40275,0.731679861,35091.79,45,0.17,,0
367,KFYIECHNS,KFYFECHNS,,,HLA-C*07:02,0.20299,0.74184805,0.2615,,,,,,,,,-3.2,25228.5756,40.43475,1.096182739,30292.64,27,0.08,,0
368,HTVAHNGSSE,HTVAHNGSPE,,,HLA-B*51:01,-0.12641,0.78961235,0.9812,,,,,,,,,-6.9,25115.63578,17.976875,1.085137155,45057.87,76,0.09,,0
369,GPYSYCSPP,GSYSYCSPP,,,HLA-C*16:04,-0.36812,0.8147365,-0.1016,,,,,,,,,-2,18860.17363,23.241375,0.722773502,34816.11,44,0.16,,0
370,NHADTIGSS,NHADTIGSG,,,HLA-B*07:02,0.13004,0.4154262,1.1563,,,,,,,,,-0.9,27229.87006,17.214125,1,33917.78,40,0.15,,0
371,TSWAINLLF,TSRAINLLF,,,HLA-B*15:10,0.21894,0.9277438,0.0811,,,,,,,,,10.4,17698.08674,7.75325,1.033711669,34091.07,12,0.15,,0
372,TLAPSSANI,TLAPSSADI,,,HLA-A*02:01,-0.28605,0.57638353,0.5557,,,,,,,,,-4.9,57.09122889,0.398125,2.237990581,118.55,0.85,1.25,,0
373,SCGVGVDSSQ,SCGGGVDSSQ,,,HLA-B*15:17,-0.08966,0.9619127,0.9517,,,,,,,,,2.9,24499.83152,13.063125,0.798976126,42685.52,69,0.07,,0
374,FSSLPLGIYV,FSSLPLGIYL,,,HLA-C*16:02,0.0556,0.92712903,-0.1281,,,,,,,,,8.8,210.5209517,2.18525,0.308889143,357.21,0.35,0.34,,0
375,GQLPSHQRLH,GQLLSHQRLH,,,HLA-A*01:01,-0.2162,0.2612986,0.4165,,,,,,,,,-9.8,29091.69288,21.69375,1.305842697,34948.95,44,0.15,,0
376,IQLSSVDLEV,IQLPSVDLEV,,,HLA-A*01:01,-0.22095,0.41880655,0.0119,,,,,,,,,-0.6,30669.22411,30.544,0.927469388,19194.5,7.1,0.17,,0
377,MVALREQNVH,IVALREQNVH,,,HLA-C*02:02,0.05906,0.8301122,0.7363,,,,,,,,,-7,14204.0922,18.657125,1.031790804,23857.3,16,0.25,,0
378,FVDAREQEKN,FVDAREREKN,,,HLA-B*44:03,0.04393,0.9511036,0.6546,,,,,,,,,-17.1,30703.30718,22.670875,1.374560973,43510.85,88,0.1,,0
379,VQYRVQWHP,VQYRVQWRP,,,HLA-C*03:04,0.18788,0.9508879,0.2999,,,,,,,,,-7.9,30316.24892,54.786625,1.052321164,38186.45,32,0.1,,0
380,QRCCQRVTDL,QRCCQGVTDL,,,HLA-A*01:01,-0.04957,0.4676598,0.5338,,,,,,,,,-5.5,33748.3942,72.597875,0.900890694,37863.07,60,0.1,,0
381,YPRVWPYRK,YPRVWPYRM,,,HLA-A*01:01,0.29072,0.32179204,0.6221,,,,,,,,,-4.1,27916.89954,18.3895,1.253119987,32735.19,35,0.13,,0
382,TEVKLNGQE,SEVKLNGQE,,,HLA-B*35:01,-0.25957,0.90676594,1.2857,,,,,,,,,-7.5,23850.70835,13.4165,1.028742593,41013.52,58,0.12,,0
383,GISLQKKTS,GISLQKKLQ,,,HLA-C*07:02,-0.53998,0.77046496,0.5609,,,,,,,,,-8.2,29335.05028,65.926875,0.858181887,45349.86,93,0.07,,0
384,PAQGSIKIHE,PAQGSIEIHE,,,HLA-A*01:01,-0.10678,0.24787022,0.502,,,,,,,,,0.7,31872.32843,43.368875,0.70428389,44670.51,96,0.09,,0
385,YQNEQDKLKE,YQKEQDKLKE,,,HLA-A*02:01,-0.33091,0.25938544,1.0131,,,,,,,,,-14.5,19700.37703,11.724625,1.334115164,35071.3,55,0.12,,0
386,ICQKKFTNTV,ICQKKFTNAV,,,HLA-C*07:01,-0.29684,0.81509554,-0.4195,,,,,,,,,-9.9,27484.41323,39.880125,1.200400575,22707.81,14,0.1,,0
387,PAFPLLATPD,PACPLLATPD,,,HLA-C*03:04,0.06835,0.9878171,1.4254,,,,,,,,,5.5,27083.51126,35.304,0.724577952,45315.54,64,0.07,,0
388,LFIQSRNYP,PFIQSRNYP,,,HLA-C*14:02,-0.19336,0.41646808,0.3181,,,,,,,,,-13.6,19246.49015,15.527375,1.782835154,5065.54,5.2,0.09,,0
389,PYIGKLQKIT,PDIGKLQKIT,,,HLA-B*38:01,-0.35678,0.8527109,1.7066,,,,,,,,,-3.4,32896.78486,66.947875,0.679099225,46103.36,88,0.11,,0
390,REFLFPDVL,REFPFPDVL,,,HLA-B*44:02,0.17324,0.22695826,0.0342,,,,,,,,,5.7,95.94292216,0.284625,0.750109794,1281.59,0.6,1.02,,0
391,AGALVDSKD,AGALVDPKD,,,HLA-C*16:01,-0.203,0.91833425,1.0381,,,,,,,,,-0.2,21377.86767,28.899625,1.074875539,43592.38,79,0.06,,0
392,KEKAKENGRN,KEKAKENGGN,,,HLA-A*11:01,-0.09038,0.22165644,1.6083,,,,,,,,,-14,32006.68665,44.00525,0.832576795,46420.2,99,0.08,,0
393,VPEFQEPALQ,VPESQEPALQ,,,HLA-B*51:01,0.1511,0.9357796,0.8506,,,,,,,,,-0.2,21627.91835,11.483,0.746821388,30234.36,15,0.09,,0
394,KLPQTPSSG,KLPRTPSSG,,,HLA-A*29:02,-0.32908,0.6266143,0.6624,,,,,,,,,-7.4,25907.56464,20.969125,1.218213683,40316.16,69,0.09,,0
395,FQTPGHTDE,FQTPGHTEE,,,HLA-A*02:01,0.11061,0.72353935,0.9884,,,,,,,,,-9.4,23499.03178,16.9735,0.548030754,32854.77,48,0.11,,0
396,PAYPVITLP,PAYPDITLP,,,HLA-C*07:01,0.1794,0.95587844,0.6795,,,,,,,,,10.2,27242.35974,38.258125,0.924767615,38212.49,54,0.09,,0
397,EIFFRPNDP,EISFRPNDP,,,HLA-B*39:01,0.20326,0.7079037,1.073,,,,,,,,,-10.3,29630.17554,23.5775,1.142217156,41178.5,62,0.09,,0
398,RVRVSTGEDF,RVRVSTGEAF,,,HLA-A*02:01,0.0644,0.38464794,1.2011,,,,,,,,,-4.7,27148.93393,26.4525,0.623660335,29661.17,41,0.15,,0
399,HRMLTGLRV,HRMMTGLRV,,,HLA-B*51:01,0.02242,0.9811574,-0.5497,,,,,,,,,2,15759.97284,6.492125,1.202918921,25729.69,9,0.27,,0
400,KGKKGELILS,KGKKGEPILS,,,HLA-C*02:02,-0.0611,0.7626527,0.1956,,,,,,,,,4.3,26920.84849,47.358875,0.880531896,42322.65,70,0.09,,0
401,WLEGRIRQGF,WLEGRIRQEF,,,HLA-C*07:04,0.21736,0.78918743,-0.3586,,,,,,,,,-8.8,12748.33098,20.203625,0.546331413,27881.72,13,0.13,,0
402,MIFFIYAVIA,MIFFIYAVIG,,,HLA-B*15:01,0.43123,0.61942285,-0.0276,,,,,,,,,16.5,31597.47501,49.707625,1.277585682,7787.03,8.6,0.28,,0
403,KSKHETVLF,KSKQETVLF,,,HLA-B*15:17,0.12495,0.87403935,0.8122,,,,,,,,,0.6,31.42139924,0.054875,0.965831435,7.52,0.06,0.89,,0
404,TISNKNVLP,TISNKKVLP,,,HLA-C*16:02,-0.24794,0.9694247,0.3595,,,,,,,,,-2.9,11295.03329,23.73425,1.211945817,32733.75,37,0.13,,0
405,KECGKAFCSS,KECGKAFRSS,,,HLA-A*30:01,-0.18726,0.5847501,0.218,,,,,,,,,2,30251.83751,35.713125,1.140351061,16850.23,35,0.16,,0
406,WVASDGWGT,WVASDGWGA,,,HLA-B*44:03,0.10647,0.8530592,-0.1803,,,,,,,,,-6,31204.46202,27.765875,0.816501371,35558.86,35,0.13,,0
407,LCLIIQTAD,LCPIIQTAD,,,HLA-C*12:03,0.2065,0.39324778,1.1371,,,,,,,,,6.6,27137.86288,46.26475,0.637391318,43491.55,81,0.06,,0
408,PPMNRRTIL,PPMNRRNIL,,,HLA-A*11:01,0.14613,0.46613127,-0.67,,,,,,,,,-8.7,29644.5591,25.584,1.136833568,41054.83,73,0.1,,0
409,RRRRRGPGP,RRRRGGPGP,,,HLA-A*24:02,0.16162,0.563452,0.1791,,,,,,,,,-11.4,30739.50538,42.4475,0.831892338,42370.3,62,0.08,,0
410,QEIKWIKNK,QGIKWIKNK,,,HLA-B*27:05,-0.0186,0.8411605,0.8364,,,,,,,,,-7.7,873.0430412,3.456125,1.151180875,17961.18,17,0.31,,0
411,IPIITTVISL,IPIITTVITL,,,HLA-A*29:02,0.30724,0.9579566,-0.8326,,,,,,,,,11,24812.86266,18.35125,1.032238948,22420.23,17,0.13,,0
412,CCLGSPPLRS,SCLGSPPLRS,,,HLA-C*08:02,-0.13096,0.9513757,0.244,,,,,,,,,-5.1,28451.73262,28.301625,1.109273761,45279.75,73,0.06,,0
413,KDRRGGTMLK,KDRRGGRMLK,,,HLA-C*02:02,0.01674,0.9021272,0.498,,,,,,,,,-0.3,17956.87228,23.887125,1.22696327,37511.99,46,0.11,,0
414,PGSRCGTVEG,PGSRRGTVEG,,,HLA-A*68:02,0.10876,0.755095,1.5579,,,,,,,,,-2.4,29328.03214,36.40225,1.549687863,43555.6,87,0.06,,0
415,RFEHSLRVG,RFEHSLGVG,,,HLA-C*07:01,-0.03869,0.8723175,0.9379,,,,,,,,,-0.5,27522.30491,39.880125,1,27105.66,21,0.06,,0
416,FSSTSESDTS,FGSTSESDTS,,,HLA-A*26:08,-0.19257,0.15639125,0.9117,,,,,,,,,-10,30884.00642,28.908875,1.731561674,38672.52,49,0.1,,0
417,PSYIIKTED,PSYSIKTED,,,HLA-B*08:01,0.15058,0.6758815,1.4665,,,,,,,,,0.9,30593.08389,43.7235,1.090826443,42834.02,98,0.07,,0
418,VHDISYVLAT,VRDISYVLAT,,,HLA-C*07:01,0.02878,0.9646533,1.118,,,,,,,,,12.2,26534.1073,35.379875,0.499231555,28580.56,24,0.08,,0
419,PLPPALHPRW,PLPPALHPRR,,,HLA-C*05:01,0.06387,0.9978961,1.1849,,,,,,,,,-5.3,24770.4073,27.0765,1.304129042,38562.19,39,0.09,,0
420,EEGLYFTARD,EEGLYFAARD,,,HLA-A*01:01,0.21004,0.31730032,0.6,,,,,,,,,1.9,32206.99876,47.853875,0.906277182,41551.3,82,0.07,,0
421,VPDFSLTSSS,VRDFSLTSSS,,,HLA-C*04:01,-0.24664,0.888381,0.6312,,,,,,,,,3.5,18548.64679,10.31075,2.574509614,29880.85,19,0.11,,0
422,NLLNYPDHYV,NLLNHPDHYV,,,HLA-A*29:02,0.02151,0.9549524,1.2905,,,,,,,,,-14.4,19529.73471,10.984,0.948538784,7248,3.9,0.25,,0
423,RAALEWGQNP,RAALERGQNP,,,HLA-B*49:01,0.2451,0.7987296,-0.4287,,,,,,,,,-8,27374.69329,32.175125,0.843563156,26329.25,18,0.12,,0
424,LYPLQFMSL,LDPLQFMSL,,,HLA-C*06:02,-0.26222,0.9733916,0.7067,,,,,,,,,4.2,191.6606902,0.70825,7.42816802,5840,1.5,0.1,,0
425,EGLARMEFFL,EGLARMELFL,,,HLA-A*01:01,0.17662,0.36225715,0.4572,,,,,,,,,1.3,32947.16949,58.81325,1,22587.51,12,0.16,,0
426,AALRPAFSH,AALRPAFSQ,,,HLA-A*11:01,0.07665,0.5302214,0.3575,,,,,,,,,-2.3,601.2041993,1.3325,5.080018762,2437.17,3.3,0.59,,0
427,NRTFASCSTD,NTTFASCSTD,,,HLA-B*15:01,-0.16029,0.8712041,-0.0632,,,,,,,,,4.8,32374.334,58.56225,0.625915159,24924.91,35,0.08,,0
428,MMIALSHMCD,MMIALSRMCD,,,HLA-A*02:01,-0.23858,0.42228106,0.8325,,,,,,,,,6,23040.44128,16.061125,1.189860611,5463.68,8.5,0.18,,0
429,PGILGYPQP,PGTLGYPQP,,,HLA-B*35:02,-0.01548,0.6426159,0.61,,,,,,,,,-3,29351.61012,17.5205,1.190369852,46379.02,78,0.08,,0
430,TETRTNYPNS,TETRTNYPNI,,,HLA-B*38:01,0.07956,0.83977044,0.7965,,,,,,,,,-15.1,30747.56335,38.755,0.201699781,39390.86,42,0.14,,0
431,KAGSRLEEND,KAGSGLEEND,,,HLA-A*24:02,0.0591,0.17179167,1.033,,,,,,,,,-12,31822.82187,56.84775,0.679872994,45228.82,85,0.08,,0
432,YDIQALGTQV,HDIQALGTQV,,,HLA-B*07:02,-0.04908,0.50698596,0.3294,,,,,,,,,-2.5,26382.93069,15.10775,0.605277093,18193.93,12,0.21,,0
433,LESFFKWFQ,LESLFKWFQ,,,HLA-C*04:01,0.23044,0.9748317,1.1071,,,,,,,,,3.6,30830.70974,57.583375,0.935897297,40292.64,64,0.08,,0
434,VSAVAGLHDI,VSAVAGPHDI,,,HLA-C*15:02,0.15516,0.56657404,1.0909,,,,,,,,,2.7,1582.916904,3.746625,0.888566376,2656.49,1.4,0.24,,0
435,ALAARSIDSA,ALAQNMQEAS,,,HLA-B*35:03,-0.01129,0.9342266,0.2263,,,,,,,,,-3.3,29557.84735,29.62425,1.62321409,41523.45,28,0.15,,0
436,SSGIDAFSH,SSGIDALSH,,,HLA-A*01:01,0.20549,0.17264214,0.8143,,,,,,,,,4.8,7703.524113,2.704375,0.826854634,21362.62,9,0.18,,0
437,TADRDLKEDG,TADSDLKEDG,,,HLA-C*02:02,-0.03546,0.9480846,0.4959,,,,,,,,,-15.1,19491.02176,26.70375,0.743537893,44174.01,81,0.08,,0
438,ATYVYEGSG,ATYAYEGSG,,,HLA-B*38:01,0.06293,0.62164813,0.4423,,,,,,,,,-1.8,31893.53835,49.708625,0.914614918,43165.29,63,0.09,,0
439,HLGAHARSE,HLGAHASSE,,,HLA-A*01:01,0.06572,0.27287197,0.7859,,,,,,,,,-4.9,30771.25285,33.087375,0.795998474,41762.71,83,0.08,,0
440,NPIISRDGKD,NPIIPRDGKD,,,HLA-A*02:01,-0.0101,0.1386262,0.5306,,,,,,,,,-8.6,29987.90448,41.398,0.94370199,44637.16,92,0.05,,0
441,KDMAFVDPDD,KDLAFVDPDD,,,HLA-C*16:02,0.16105,0.75084716,0.4833,,,,,,,,,0.2,22687.7777,48.465875,0.967508066,46136.79,91,0.07,,0
442,SGIFTDTSSY,SGIFTDTSSD,,,HLA-B*35:01,0.02066,0.68571764,0.4432,,,,,,,,,-3.7,1008.734871,1.25575,18.70645033,930.73,0.72,0.4,,0
443,DCTTELSRQR,DRTTELSRQR,,,HLA-C*07:01,-0.04137,0.8382781,0.7258,,,,,,,,,-9.2,27855.14034,41.66725,0.286159994,41417.99,71,0.07,,0
444,VNDIFVRIA,VNDIFERIA,,,HLA-A*03:01,0.41542,0.753756,0.7173,,,,,,,,,11.5,30967.48433,28.558125,1.189214978,36947.65,59,0.08,,0
445,EKASVNRGAQ,GKASVNRGAQ,,,HLA-C*04:01,-0.01969,0.9524205,0.8747,,,,,,,,,-3.2,31530.80513,65.797625,0.935259821,44615.43,94,0.07,,0
446,IHTRESSVIL,IHTGESSVIL,,,HLA-B*51:08,-0.04205,0.91858023,0.2023,,,,,,,,,-0.9,22454.80222,17.468375,0.619483781,27525.63,14,0.17,,0
447,REIMEILQTQ,REIMEILQTE,,,HLA-C*06:02,0.00808,0.9458895,0.3346,,,,,,,,,2.5,15686.36269,24.688875,1,40570.85,56,0.1,,0
448,PLSLPVKKI,PLSLPVEKI,,,HLA-C*06:02,-0.3448,0.9831364,-0.3027,,,,,,,,,-1.4,10900.60278,16.328125,1.173473684,36512.49,38,0.08,,0
449,SSRQHATNVR,SSRQHATNVG,,,HLA-B*18:01,0.02504,0.9144459,0.9492,,,,,,,,,-4.9,31398.7926,33.50675,1.474889388,34173.79,37,0.11,,0
450,PRCRQSLARD,PRCSQSLARD,,,HLA-C*07:02,-0.1865,0.8966418,-0.0074,,,,,,,,,-7.7,29138.96413,65.926875,0.925802262,45377.33,93,0.06,,0
451,EELNGLRGWF,GELNGLRGWF,,,HLA-C*05:01,0.21883,0.98396784,0.0626,,,,,,,,,-5.9,26238.15694,31.7315,0.936514189,40293.05,46,0.09,,0
452,VPGNATLTR,VPGNGTLTR,,,HLA-A*02:01,0.09245,0.61778975,0.0591,,,,,,,,,0.7,24517.35078,19.1105,0.888176657,42823.82,85,0.1,,0
453,NKISQRVVV,NEISQRVVV,,,HLA-A*02:01,-0.12839,0.40970793,-0.2688,,,,,,,,,-0.4,23418.88569,16.497375,0.316686746,35388.05,56,0.18,,0
454,AKLWNQLEKY,AKLRNQLEKY,,,HLA-B*35:02,0.04825,0.911207,0.746,,,,,,,,,-11.5,32364.98876,46.4855,1,43484.98,52,0.14,,0
455,RMFLSQGFT,RMFPSQGFT,,,HLA-C*04:01,-0.1463,0.90043074,-0.6783,,,,,,,,,1.9,31266.09432,61.537875,0.6439002,26689.21,13,0.11,,0
456,MAAVFCLTQK,TAAVFCLTQK,,,HLA-B*44:03,0.07038,0.9752392,0.2458,,,,,,,,,9.1,32223.76329,40.329625,0.77269501,26787.57,15,0.27,,0
457,SPQRGPRPI,PPQRGPRPI,,,HLA-C*15:02,0.07424,0.4225278,-0.0139,,,,,,,,,-12.6,5740.776437,7.104125,2.095296747,19282.34,12,0.19,,0
458,EKGKRSSEHI,ERGKRSSEHI,,,HLA-A*26:08,-0.36903,0.3878822,1.0949,,,,,,,,,-16.7,33951.04871,70.4265,1,43675.48,80,0.12,,0
459,SLLRDLEGL,SLLGDLEGL,,,HLA-A*02:01,0.16394,0.7300618,0.7267,,,,,,,,,-8.1,35.14276639,0.24,0.655208333,27.42,0.26,1.82,,0
460,LGEYKFGPLY,LGEYKFGPLF,,,HLA-B*44:03,-0.05116,0.85340285,-0.2625,,,,,,,,,-0.6,29486.96169,17.67175,0.93159987,233.01,0.16,0.19,,0
461,TNVESNTYGK,TNVGSNTYGK,,,HLA-C*08:02,-3.00E-05,0.84545976,1.0678,,,,,,,,,-10.2,24033.2017,15.859625,1.063510329,42864.16,54,0.07,,0
462,ERVNEQLYMM,ARVNEQLYMM,,,HLA-C*07:02,-0.12457,0.822911,0.6515,,,,,,,,,-6.1,324.3224111,1.733375,0.28225283,8845.57,3.2,0.1,,0
463,GGSRKSPVTD,GGSRESPVTD,,,HLA-B*07:02,-0.32564,0.6508793,1.4736,,,,,,,,,-7.3,29530.85187,27.587375,0.869491932,42462.11,83,0.07,,0
464,QTKRSFRRQS,QTKRSSRRQS,,,HLA-B*40:01,-0.0403,0.85066617,0.6672,,,,,,,,,-15,34220.2026,70.564,1,46101.36,92,0.08,,0
465,HELAWVQERL,DELAWVQERL,,,HLA-C*04:01,0.29737,0.9464592,0.3751,,,,,,,,,-6.4,22925.61337,16.587375,1.259670382,25185.15,9,0.14,,0
466,DGSLVMAVMP,DGSPVMAVMP,,,HLA-B*45:01,-0.22659,0.93958175,-0.1165,,,,,,,,,17.8,28685.82031,23.814625,0.641795745,37883.15,45,0.08,,0
467,FHTNDIAIG,FHTNDIAIR,,,HLA-A*68:02,0.26375,0.7913477,0.0177,,,,,,,,,3.8,29129.62378,36.40225,0.233096855,35446.69,56,0.09,,0
468,ASHLCLNTDM,ASHLCLDTDM,,,HLA-C*14:02,-0.02433,0.5448972,0.3291,,,,,,,,,2.4,23855.975,24.417125,1.362916396,9231.01,9.1,0.14,,0
469,ECTKTAQIQ,ECTKTARIQ,,,HLA-C*07:01,-0.14977,0.6504461,0.9102,,,,,,,,,-1.8,28647.03098,47.872125,1.164824519,44533.45,90,0.06,,0
470,RWAFSEQGP,RRAFSEQGP,,,HLA-C*06:02,-0.01431,0.9146312,-0.089,,,,,,,,,-5.4,25519.88939,62.4375,0.344132132,42933.3,70,0.07,,0
471,REQRINISPQ,REQRINIPPQ,,,HLA-B*51:01,0.11696,0.9711538,0.6887,,,,,,,,,-1.4,30266.46953,46.1645,0.930346912,45432.38,80,0.09,,0
472,FKYTWNNVLH,FKYTWNNFLH,,,HLA-B*44:02,0.26953,0.22674984,0.9579,,,,,,,,,-0.6,31966.72059,34.055875,1.135831923,33553.49,37,0.33,,0
473,QLTYLSHGC,QLTYLPHGC,,,HLA-A*29:02,-0.11055,0.8623251,1.0562,,,,,,,,,-1.9,27439.05191,25.544875,0.919900763,32386.76,36,0.14,,0
474,DSNLWVLKSD,DSNWWVLKSD,,,HLA-B*35:01,-0.04646,0.6767283,0.9431,,,,,,,,,6.2,30732.74446,41.280625,1,40794.89,57,0.09,,0
475,EATGQWRLCH,GATGQWRLCH,,,HLA-B*15:01,0.15746,0.8716344,0.1424,,,,,,,,,-3,29712.65884,32.05925,0.938987968,32667.24,57,0.22,,0
476,SLGCYRDKL,SLGCYGDKL,,,HLA-C*04:01,-0.10541,0.9667514,1.6222,,,,,,,,,-10.7,14234.2965,6.873375,0.554076418,21993.99,5.5,0.13,,0
477,EKPQQKLVM,EKPQQELVM,,,HLA-C*07:01,-0.4212,0.8689592,-0.0418,,,,,,,,,-2.9,3485.272322,4.319125,1.100772726,17353.69,7.6,0.09,,0
478,KGLEEEKEA,KVLEEEKEA,,,HLA-C*05:01,0.1654,0.9823839,1.367,,,,,,,,,-17.9,15563.24418,11.653125,0.669670153,42569.29,58,0.08,,0
479,AGPGGPEGA,AGPGGPGGA,,,HLA-A*02:01,0.15736,0.7263409,0.7777,,,,,,,,,-6.3,4714.215014,3.396,1.175611013,33449.1,50,0.12,,0
480,QAPKGLPQAR,QAPKGLPQSR,,,HLA-C*04:01,-0.28374,0.9902442,0.332,,,,,,,,,-3.8,20349.01293,12.18325,1.046949706,39613.95,59,0.08,,0
481,HKQRNDSVI,HKRRNDSVI,,,HLA-B*13:02,-0.08644,0.7223903,0.4303,,,,,,,,,-8.1,12816.25833,11.324875,1.376538372,24957.29,15,0.24,,0
482,NCPEECKALG,NCTEECKALG,,,HLA-B*08:01,-0.03431,0.6606272,0.3755,,,,,,,,,-2.8,27325.41785,22.60675,1.523073861,32770.25,61,0.07,,0
483,HTRRKSFPML,HTRRKSLPML,,,HLA-C*15:02,-0.30398,0.39293942,0.1764,,,,,,,,,-6.1,11156.98512,11.2605,0.798476977,6859.7,3.2,0.34,,0
484,FIHDSPPEKA,FIDDSPPEKA,,,HLA-C*05:01,-0.19102,0.9914752,0.1109,,,,,,,,,-14.9,672.1113991,1.584375,0.091913215,13844.35,3.8,0.19,,0
485,RSFSISSNLR,RSFSISSNLQ,,,HLA-A*29:02,-0.32764,0.8307512,1.0567,,,,,,,,,2.4,17062.28299,8.916625,2.19523923,11710.74,6.3,0.36,,0
486,GIISSQNFTS,GIISSQNYTS,,,HLA-C*05:01,-0.28178,0.9170961,0.433,,,,,,,,,-6.5,29569.44749,49.65775,1.10416803,42933.3,60,0.11,,0
487,ENERINAQE,ENERIHAQE,,,HLA-A*02:01,0.17343,0.6368856,0.6722,,,,,,,,,-5.2,28409.01802,31.686,1.105208136,46249.72,98,0.05,,0
488,LVAMALDHYV,LVAMALDRYV,,,HLA-C*07:01,-0.09068,0.70868194,0.2919,,,,,,,,,-0.5,28057.49052,43.553,1.215806029,17800.78,8,0.13,,0
489,KPEDYLENVE,RPEDYLENVE,,,HLA-C*12:03,0.15333,0.27126887,0.9628,,,,,,,,,-3.8,22784.01094,29.48875,0.977440549,44879.8,88,0.09,,0
490,VMFDKHPVSA,VMFDKHPVSE,,,HLA-C*17:01,-0.19044,0.9440336,-0.072,,,,,,,,,-8.8,1550.176483,3.674375,2.916584453,9294.86,3.9,0.17,,0
491,AGYNNLQVAE,AGYNNLEVAE,,,HLA-B*42:01,-0.07615,0.9788602,0.7611,,,,,,,,,-0.7,29412.25806,43.898,0.795819286,36763.02,59,0.09,,0
492,HVLLCGVLT,LVLLCGVLT,,,HLA-A*01:01,-0.007,0.2656171,-0.3682,,,,,,,,,13.9,27713.4681,17.494,1.107701212,31271.74,29,0.18,,0
493,NPPYLPLRDA,NPPYLPFRDA,,,HLA-C*03:04,0.01728,0.9895707,1.0309,,,,,,,,,-3.3,23877.55096,24.245375,1.150977248,41051.26,41,0.16,,0
494,GVARDIYLPP,GAARDIYLPP,,,HLA-C*04:01,0.19666,0.9903858,0.8812,,,,,,,,,-2.6,31758.04563,70.313625,0.935773472,40842.17,68,0.1,,0
495,EDIAELQQA,EEIAELQQA,,,HLA-C*03:04,0.00419,0.9760183,0.9978,,,,,,,,,-4.9,20619.85927,18.03325,0.961869047,46580.7,75,0.11,,0
496,SILLFWNLVP,SILLSWNLVP,,,HLA-B*51:01,0.32361,0.9101777,0.705,,,,,,,,,10.2,31661.71131,62.516125,0.85833455,37759.97,32,0.1,,0
497,TATALTVPP,TATALTVPA,,,HLA-C*06:02,0.10607,0.9726501,-0.0922,,,,,,,,,7.5,12994.56005,19.636,0.520084284,37436.18,41,0.12,,0
498,FERKRNSKPS,FERERNSKPS,,,HLA-A*29:02,-0.50031,0.89841443,0.5497,,,,,,,,,-18.2,33094.94565,74.450375,0.927962082,43265.81,85,0.08,,0
499,FVDGCEMAL,VVDGCEMAL,,,HLA-A*01:01,-0.04229,0.41368422,0.3808,,,,,,,,,2.3,295.0666001,0.379375,1.451729819,2701.04,0.71,0.32,,0
500,HWKSPPWNDV,HWKPPPWNDV,,,HLA-A*24:02,-0.04206,0.31903654,0.8101,,,,,,,,,-11.9,11474.67223,4.264875,0.491133972,7310.61,3,0.19,,0
501,PYSCIECGK,PYRCIECGK,,,HLA-B*13:02,0.0902,0.8659201,0.5495,,,,,,,,,5.6,28077.34385,44.83625,1.210633137,46323.84,93,0.08,,0
502,FDKYQAQLVV,IDKYQAQLVV,,,HLA-C*07:02,-0.2427,0.8892321,-0.2381,,,,,,,,,1.5,27514.43197,52.5475,1.076687759,12225.79,4.8,0.12,,0
503,RWNLAHFTRY,RWNLAHFARY,,,HLA-C*07:01,0.22954,0.9777464,0.8927,,,,,,,,,-8.88E-16,14144.25393,11.375375,1.128940804,14819.03,5.8,0.15,,0
504,FGGSGGRVSS,FGGSGGRGSS,,,HLA-C*05:01,-0.10257,0.9910883,1.4064,,,,,,,,,-2.7,14953.94477,11.06,1.114183996,40644.65,47,0.09,,0
505,PLRAARVLLF,PLRAERVLLF,,,HLA-B*44:02,0.16769,0.18358399,-0.2648,,,,,,,,,10.9,31247.96855,27.0475,0.903785008,24646.54,15,0.17,,0
506,ALGPSVPTR,APGPSVPTR,,,HLA-C*07:01,-0.10908,0.93539876,-0.0314,,,,,,,,,-0.5,10256.89997,8.426125,0.767152754,27042.38,21,0.1,,0
507,IQEPGLSGC,IQEPGLSGR,,,HLA-C*07:01,-0.07592,0.9864259,0.7554,,,,,,,,,0.6,20563.65011,18.676125,0.390297773,35283.3,42,0.1,,0
508,HSEASSPQE,QSEASSPQE,,,HLA-A*01:01,-0.322,0.37044558,0.5866,,,,,,,,,-4.9,12699.86073,3.986875,1.54528923,23219.88,12,0.12,,0
509,PAASTQAAGS,PAASTRAAGS,,,HLA-A*01:01,-0.13912,0.5972324,0.5876,,,,,,,,,-1.8,32140.25799,47.853875,1.106451672,39807.3,71,0.1,,0
510,WVSVPHSLS,WVSAPHSLS,,,HLA-C*03:04,-0.13861,0.78099155,1.254,,,,,,,,,2.4,23934.32683,24.245375,0.904110578,20022.01,9.1,0.12,,0
511,YRRTHSGERP,HRRTHSGERP,,,HLA-C*07:01,0.0729,0.9385825,0.9514,,,,,,,,,-13.1,12930.67507,10.409625,0.979730298,24155.23,16,0.08,,0
512,DITSYTTAFT,DILRIRQLLQ,,,HLA-C*07:01,0.01829,0.893162,0.3953,,,,,,,,,1.1,30276.83425,62.06525,1.112560974,34757.37,40,0.08,,0
513,MFCEGIAFS,MFCEAIAFS,,,HLA-C*16:01,0.34295,0.8755614,0.7402,,,,,,,,,5.2,17282.77262,21.83175,1.185366496,25834.85,28,0.11,,0
514,QDGPGLLSK,QDGPGLLSR,,,HLA-B*51:01,-0.08362,0.91375804,0.1212,,,,,,,,,4.8,19638.1376,9.308625,0.903234903,46216.71,88,0.07,,0
515,KPGWKGRINQ,KPEWKGRINQ,,,HLA-C*07:04,0.21415,0.9474361,1.0744,,,,,,,,,-8.7,26207.15571,53.277625,0.977014272,46558.5,92,0.08,,0
516,RGSQGPSHYM,GGSQGPSHYM,,,HLA-B*08:01,-0.27865,0.8835364,0.1639,,,,,,,,,-10.8,22528.07599,12.25775,1.425455324,22423.38,29,0.12,,0
517,SMPAAPSPVG,STPAAPSPVG,,,HLA-B*37:01,-0.0779,0.9606776,0.4727,,,,,,,,,3.8,13724.25815,16.282875,0.792504395,30493.23,30,0.11,,0
518,SSVYSSPTD,SSVYSSPID,,,HLA-C*02:02,-0.29383,0.55524623,0.6274,,,,,,,,,-5.2,20798.09919,29.308625,1.05150361,31385.31,29,0.09,,0
519,KPHLKAVHTC,KPHLKALHTC,,,HLA-C*07:01,-0.08372,0.77230203,0.707,,,,,,,,,2,26368.01216,34.081875,1.038084759,34695.38,40,0.14,,0
520,SKNLLKKKKG,SKKLLKKKKG,,,HLA-B*08:01,-0.74506,0.8123254,0.1327,,,,,,,,,-8,31314.66359,52.197625,1,32185.19,58,0.08,,0
521,QMIKEKVPN,QVIKEKVPN,,,HLA-A*01:01,-0.25094,0.33915597,0.5881,,,,,,,,,-8.7,31434.96981,39.439125,0.838947999,41387.53,81,0.09,,0
522,LLHAGSGADR,LLHAGSGADT,,,HLA-B*51:01,-0.00035,0.9803442,1.5591,,,,,,,,,-1.5,25606.74381,19.507375,1.266142933,45261.62,78,0.1,,0
523,ELIHRSKFE,ELIHRSKSE,,,HLA-A*24:02,-0.14318,0.54619795,0.2608,,,,,,,,,-9.6,31192.51968,46.754125,0.907887807,45340.03,86,0.07,,0
524,EACPPVNSTE,ETCPPVNSTE,,,HLA-B*13:02,-0.12229,0.8222293,0.4472,,,,,,,,,-4,20928.92482,21.546125,1.111731228,46194.22,92,0.07,,0
525,PSRVGSSAM,PSGVGSSAM,,,HLA-C*16:01,-0.18115,0.9269554,0.3625,,,,,,,,,4,913.7412095,4.303875,1.278934681,2264.27,2.8,0.19,,0
526,CMVMEYVDG,CMVMEYVEG,,,HLA-C*05:01,-0.02148,0.9240958,1.0602,,,,,,,,,-2.2,31826.31492,71.51125,0.897390271,44674.37,74,0.08,,0
527,HCKSDACQGD,DCKSDACQGD,,,HLA-A*24:02,-0.30548,0.57779497,-0.1164,,,,,,,,,-3.9,30895.87858,42.4475,1,46607.41,95,0.07,,0
528,NPSTPCGKK,NPSTPRGKK,,,HLA-C*01:02,-0.17359,0.8463354,0.1744,,,,,,,,,-4.1,13179.53346,11.440875,1.130497012,45888.86,72,0.09,,0
529,SSNVTEKSG,SSNVTEESG,,,HLA-B*14:01,-0.10717,0.7810375,1.1069,,,,,,,,,-4.7,26212.24749,25.451125,0.86966195,41273.95,65,0.07,,0
530,HYVAICYPL,RYVAICYPL,,,HLA-C*07:01,0.12202,0.85024875,0.5062,,,,,,,,,5.9,2544.690052,3.664,0.770332969,5834.63,1.7,0.15,,0
531,TEIDKGPAY,TEIDKGSAY,,,HLA-A*03:01,-0.09908,0.7141225,0.4886,,,,,,,,,-7.6,21600.85205,8.9215,0.89984868,31786.86,38,0.11,,0
532,SQGQPAARLP,SQGQPAARPP,,,HLA-B*44:02,-0.00423,0.15723506,0.724,,,,,,,,,-2.2,27448.50249,11.695625,0.883556886,19972.46,8.6,0.13,,0
533,SKCVQLRVRP,SKCVQVRVRP,,,HLA-A*29:02,0.01424,0.9315906,1.4509,,,,,,,,,-0.3,32872.28446,74.450375,1,44939.06,93,0.08,,0
534,LGVKIYGCA,PGVKIYGCA,,,HLA-A*02:01,-0.08038,0.5341146,-0.3449,,,,,,,,,1.4,19085.3408,11.11125,1.897435032,24626.82,32,0.14,,0
535,FPIDVLILT,SPIDVLILT,,,HLA-C*12:03,0.20112,0.724797,-0.3415,,,,,,,,,12.8,7321.183343,8.989125,1.417921655,8702.7,6.3,0.17,,0
536,GIYTLPSFFG,GICTLPSFFG,,,HLA-A*32:01,0.02773,0.8618764,-0.1094,,,,,,,,,6.3,24304.6136,20.966625,1.186922073,17425.95,8.7,0.11,,0
537,VCNNFLPPI,VRNNFLPPI,,,HLA-A*01:01,0.07911,0.13893633,0.7236,,,,,,,,,-0.1,27556.92987,16.697625,3.170989886,29751.48,25,0.32,,0
538,TFNVNEFDQY,TFDVNEFDQY,,,HLA-A*29:02,0.19188,0.9279115,0.6113,,,,,,,,,-7,92.16640947,0.396875,1.254488189,87.04,0.2,0.35,,0
539,QPPTPSNFP,QPPTPSNFL,,,HLA-A*23:01,-0.06813,0.8775802,0.6134,,,,,,,,,-3.8,27887.96749,27.8235,0.183275828,43051.94,76,0.08,,0
540,IIQSREPFLK,IIQSREPSLK,,,HLA-C*05:01,0.02571,0.98532605,0.7301,,,,,,,,,-3.8,18803.65402,15.1075,0.792859507,35519.64,29,0.1,,0
541,SRLEFLKEAG,SRLKFLKEAG,,,HLA-B*35:01,0.10471,0.70349616,1.1366,,,,,,,,,-2.5,31324.58424,44.80275,1.311105345,40172.48,53,0.12,,0
542,WQTRRVWGC,WQTRRVWGR,,,HLA-B*35:02,0.36068,0.63046485,-1.5933,,,,,,,,,-6.1,30617.25659,25.41225,1.113823058,33720.92,18,0.15,,0
543,DIEIENNETP,DIEIENNGTP,,,HLA-B*38:01,0.35871,0.79467213,0.2625,,,,,,,,,-10.2,29019.36638,26.534,1.18855525,41071.25,50,0.08,,0
544,RIIITFLKTS,RIINTFLKTS,,,HLA-C*15:02,0.15916,0.28548408,-0.9657,,,,,,,,,5.8,30633.20943,64.27975,0.686985404,28060.27,22,0.13,,0
545,ISGFVFLRFF,ISGFLFLRFF,,,HLA-C*04:01,0.38464,0.97729325,-0.4701,,,,,,,,,11.9,28416.49487,35.477,1.055652254,26824.41,13,0.11,,0
546,VTSRGLHLGQ,VTSRGLQLGQ,,,HLA-C*06:02,0.06147,0.9922192,1.1593,,,,,,,,,-0.9,20609.08237,39.2655,0.866629102,40653.91,56,0.15,,0
547,NQYCSLLDR,NQYRSLLDR,,,HLA-A*24:02,-0.22339,0.7589568,1.3251,,,,,,,,,5.8,26260.0721,15.84825,1.344154717,33724.92,27,0.08,,0
548,GWIQGKHVTV,GWIQGKQVTV,,,HLA-B*07:02,-0.16239,0.29196903,0.4287,,,,,,,,,-7.5,26128.58307,15.10775,1.088754116,23684.47,18,0.26,,0
549,VRPEKIHTN,VRPEEIHTN,,,HLA-C*07:01,0.06241,0.6923472,0.678,,,,,,,,,-6.8,2134.307746,3.338625,1.080235127,19314.72,9.3,0.07,,0
550,GDFLAFLEN,GDFLASLEN,,,HLA-A*29:02,0.22428,0.9427265,1.4205,,,,,,,,,8.7,26258.16218,21.751125,0.964047837,31386.67,34,0.07,,0
551,ARCQPDVEQ,ARRQPDVEQ,,,HLA-A*23:01,-0.03064,0.9528034,-0.0583,,,,,,,,,-7.9,27406.65189,24.56975,1.132429105,46131.28,95,0.07,,0
552,TMNETSSQPK,TMNGTSSQPK,,,HLA-C*16:01,-0.28462,0.8064551,1.1263,,,,,,,,,-10.9,1031.60644,4.554625,1.143068859,26673.33,29,0.18,,0
553,PNVTRHLRNH,PNLTRHLRNH,,,HLA-A*02:01,0.16382,0.33066016,0.7912,,,,,,,,,-12.6,32869.3911,76.29275,1,45913.19,97,0.08,,0
554,REPELPLENS,REPEPPLENS,,,HLA-B*08:01,0.14583,0.9333376,0.2655,,,,,,,,,-4.5,28732.4836,28.148125,0.8031352,37669.39,81,0.07,,0
555,YLRFLDVNVR,YLRFLDVNVS,,,HLA-A*01:01,0.20292,0.48681486,0.9762,,,,,,,,,8,30200.66986,28.328625,2.076106765,29195.67,23,0.16,,0
556,VDIGPLAIG,VDIGSLAIG,,,HLA-B*08:01,0.16684,0.9514444,-1.0428,,,,,,,,,8.1,27646.94089,23.77325,1.184025112,40607.29,92,0.08,,0
557,HLLRSPSGS,HLLRSPGGS,,,HLA-B*13:02,-0.24288,0.91694593,0.7227,,,,,,,,,-8.1,18273.8795,17.363875,1.193044467,34325.36,33,0.12,,0
558,LHVTDASSV,LPVTDASSV,,,HLA-A*32:01,-0.12539,0.8795406,0.9308,,,,,,,,,-4,28794.93996,40.94375,0.778659747,39149.07,45,0.09,,0
559,VFVPYACGS,VFAPYACGS,,,HLA-A*03:01,0.00977,0.93235135,0.3062,,,,,,,,,1,30728.42417,28.558125,0.812106887,30061.48,33,0.11,,0
560,TSTFKGPEH,TSNFKGPEH,,,HLA-C*05:01,0.00144,0.96519583,0.9474,,,,,,,,,-6.6,23606.17331,23.533375,0.62042206,37665.73,36,0.1,,0
561,KYSFYVGLV,KYSLYVGLV,,,HLA-A*32:01,0.12148,0.8376147,0.3742,,,,,,,,,9.1,8162.363959,5.23675,1.110970545,5372.76,2.6,0.3,,0
562,ENMKNFCSD,ENMENFCSD,,,HLA-C*04:01,-0.31226,0.8813492,-0.1109,,,,,,,,,-2.9,29222.50137,41.980375,0.845085352,42145.82,78,0.08,,0
563,QSLSLCIHQR,QSSSLCIHQR,,,HLA-A*02:01,-0.14847,0.6329393,0.0961,,,,,,,,,3.3,25020.13237,20.3825,1.110125107,26324.13,34,0.14,,0
564,SRHKNLDTAG,SRHKNLDTVR,,,HLA-C*06:02,-0.1471,0.9963755,1.144,,,,,,,,,-6,13871.04095,21.20675,0.157944994,27461.08,17,0.09,,0
565,IAGNVEEFC,IAGNVEEFR,,,HLA-C*07:01,0.29184,0.9104599,1.1495,,,,,,,,,-3.5,18596.61803,15.9575,0.542174526,35719.65,44,0.09,,0
566,APASCPCPV,APAPCPCPV,,,HLA-C*05:01,-0.26869,0.8523617,0.828,,,,,,,,,1,5868.023575,5.0705,0.583670249,15748.09,4.6,0.52,,0
567,PYLAVHHLVY,PYLAVRHLVY,,,HLA-B*37:01,0.15268,0.87842155,0.4526,,,,,,,,,7.6,30841.07426,70.654375,1.037110228,34977.31,42,0.14,,0
568,PHIKEEQCA,PHFKEEQCA,,,HLA-B*07:02,-0.11131,0.46342722,0.634,,,,,,,,,-11.9,27633.9544,18.993625,1,45625.96,98,0.12,,0
569,LRNKAVEEK,LRNKAVGEK,,,HLA-B*44:03,0.00086,0.9787185,0.7643,,,,,,,,,-4.9,25914.09684,9.57625,1.719148936,39044.18,54,0.13,,0
570,CILVYVVFQ,CILLYVVFQ,,,HLA-A*24:02,0.17644,0.38921964,-0.296,,,,,,,,,14.1,31483.05207,51.5645,1,45919.65,90,0.09,,0
571,VGSIMDVTE,FGSIMDVTE,,,HLA-C*07:01,-0.01238,0.8126205,1.4212,,,,,,,,,6.4,26184.09789,34.081875,0.90030258,40454.25,65,0.06,,0
572,EKEQEEEKQ,EKEQEEEEQ,,,HLA-A*32:01,0.06619,0.6120557,0.7606,,,,,,,,,-17.9,26484.38729,27.993875,1,49405.22,100,0.05,,0
573,TPSEDTWLG,TPSEDTWPG,,,HLA-A*11:01,0.28565,0.6115767,0.5454,,,,,,,,,-4.8,31173.34145,36.63775,0.793846511,39411.31,64,0.09,,0
574,AIQVLEHPWV,AVQVLEHPWV,,,HLA-B*07:02,0.24115,0.23397754,0.5141,,,,,,,,,-1.2,31223.13492,42.187125,0.910239202,28460.84,25,0.23,,0
575,SPPIVKSKYS,SPPIVNSKYS,,,HLA-B*35:01,-0.37937,0.5761708,0.3285,,,,,,,,,-1.2,25131.92522,15.633,0.772092689,27537.83,18,0.11,,0
576,FDNDGKPCV,FDNDGKPRV,,,HLA-B*51:01,-0.19064,0.87241787,0.041,,,,,,,,,-6.9,4393.968277,2.02825,1.073215826,28105.86,13,0.26,,0
577,QFERIFSSH,QFERIFPSH,,,HLA-B*44:03,0.0881,0.99260247,0.2974,,,,,,,,,1.2,31807.5227,35.275125,1.14328794,36989.66,42,0.1,,0
578,NLYFDSNMR,NLYFGSNMR,,,HLA-B*35:03,-0.12559,0.66530144,0.2682,,,,,,,,,-3.1,29523.67812,29.62425,1.250424061,44136.73,42,0.1,,0
579,DKVPGQWFW,DEVPGQWFW,,,HLA-A*01:01,0.18154,0.29376867,-0.5654,,,,,,,,,-3.6,26222.02044,14.07975,0.386983079,38902.08,66,0.22,,0
580,ENFEHNSTT,ENIEHNSTT,,,HLA-C*16:02,0.04722,0.85990494,0.1219,,,,,,,,,-11.7,13911.20898,27.729375,1.046994388,34793.88,42,0.14,,0
581,QLVRCGEGGE,QLVRRGEGGE,,,HLA-C*14:02,0.18863,0.8120968,1.9247,,,,,,,,,-6.7,28100.99111,43.92875,1.251961984,42545.33,91,0.06,,0
582,LNTCVVFNE,LNTWVVFNE,,,HLA-A*11:01,0.13243,0.53949875,0.0983,,,,,,,,,10.2,27035.67564,17.42575,1.244645137,31684.53,33,0.13,,0
583,DYHHPLQLH,DCTTIHYNY,,,HLA-B*07:02,-0.08243,0.62787956,1.1897,,,,,,,,,-0.7,29911.20183,29.756625,1.561832869,43717.55,90,0.09,,0
584,RQWKWRPSI,RQRKWRPSI,,,HLA-A*26:08,0.0133,0.57385516,0.8494,,,,,,,,,-11.7,28486.82381,18.543125,0.948902895,23492.3,12,0.12,,0
585,ESFGDVPSAT,ESFGEVPSAT,,,HLA-C*03:04,0.0067,0.991501,0.6979,,,,,,,,,-0.3,17094.43074,13.3535,1.188096754,33927.32,24,0.16,,0
586,AWEASLSAL,AWEASLPAL,,,HLA-B*27:02,-0.21643,0.96015185,0.4725,,,,,,,,,5.8,14435.85371,8.99675,0.728763164,41762.25,32,0.1,,0
587,VLIKSCELA,DLIKSCELA,,,HLA-B*08:01,-0.30763,0.8295662,1.1911,,,,,,,,,-1.9,21416.65349,10.967375,0.553813014,18669.74,22,0.1,,0
588,KEVSTQFLDR,KEVPTQFLDR,,,HLA-A*02:01,-0.11427,0.56700206,-0.1311,,,,,,,,,-1.9,25084.22609,20.3825,1.034361585,33035.13,49,0.16,,0
589,PSVRPVVLV,PSMRPVVLV,,,HLA-A*01:01,0.1219,0.3590981,0.1848,,,,,,,,,6.1,25414.21519,12.6015,1.117307463,27383.63,19,0.18,,0
590,GEKPYWCSED,GEKPYRCSED,,,HLA-A*01:01,-0.00093,0.51331526,-0.3878,,,,,,,,,-5.6,32789.45959,58.81325,1.112041079,43237.25,91,0.08,,0
591,RGRVRASYNT,RGRVRASYDT,,,HLA-A*02:01,-0.01579,0.18275754,0.8141,,,,,,,,,-4.1,33124.99708,76.29275,1.127756242,34229.66,52,0.09,,0
592,MKALGKRQLL,MKASGKRQLL,,,HLA-B*49:01,-0.23098,0.71495044,-0.143,,,,,,,,,-4.7,22787.40046,17.36475,0.690378497,21646,12,0.23,,0
593,CSWNFARSD,CSWKFARSD,,,HLA-B*44:02,0.16324,0.40271956,-0.0186,,,,,,,,,-4.2,32120.17604,38.68175,1,25354.67,16,0.09,,0
594,CHVGAEGQDF,CRVGAEGQDF,,,HLA-C*07:01,0.1302,0.94607174,1.0564,,,,,,,,,-9.5,4171.740944,4.726625,0.124163647,21959.75,13,0.11,,0
595,HRMLTGLRVE,HRMMTGLRVE,,,HLA-B*44:03,0.06,0.9310289,0.0187,,,,,,,,,6.2,31246.53035,27.765875,1,32582.53,26,0.12,,0
596,PQQVQPDSML,PQQAQPDSML,,,HLA-A*29:02,-0.341,0.77977026,0.9067,,,,,,,,,-3.3,32151.19907,63.8735,1,42831.23,83,0.09,,0
597,LANPEIPVG,LANPEIPLG,,,HLA-B*07:02,0.22428,0.7496528,-0.0062,,,,,,,,,2,19249.29319,7.259625,1.416292164,33504.88,38,0.14,,0
598,EERLRLEQQT,EERLRLEQQK,,,HLA-B*08:01,-0.02595,0.84965897,0.8906,,,,,,,,,-7.4,27761.20908,23.77325,0.734980493,24569.86,35,0.18,,0
599,GQHGQMGQPG,GQLGQMGQPG,,,HLA-C*16:02,-0.31154,0.9702167,1.1888,,,,,,,,,-7.5,20633.20524,42.075,1.045668449,45148.15,86,0.12,,0
600,SDYISLEVHA,SDYISLEVNA,,,HLA-B*07:02,0.10881,0.50903624,0.4754,,,,,,,,,5,31207.84745,42.187125,0.910239202,34916.82,43,0.12,,0
601,CRSSDASIPQ,RRSSDASIPQ,,,HLA-A*23:01,-0.21036,0.7902695,0.7062,,,,,,,,,-0.4,29537.66507,39.953375,1.082859083,42886.89,74,0.08,,0
602,LQRWLAAGTQ,LQRWLAAGAQ,,,HLA-A*01:01,0.3551,0.37603077,0.6056,,,,,,,,,5.4,33368.58192,65.40275,1,38586.4,64,0.1,,0
603,KKQPKLQPL,KKQPKLQPP,,,HLA-A*02:01,-0.37344,0.48371726,1.0602,,,,,,,,,-6.8,17620.56078,9.7385,4.011641937,29654.44,41,0.29,,0
604,FLKREPGGK,FLKREPGGE,,,HLA-B*35:01,0.11754,0.8251694,0.4372,,,,,,,,,-10.4,24133.55591,13.802125,1.886421475,41874.46,64,0.1,,0
605,EQLELYWAMD,EQLQLYWAMD,,,HLA-C*03:04,0.22168,0.961863,0.3951,,,,,,,,,1.8,31922.25246,71.298875,1.110173548,42647.19,48,0.07,,0
606,EVKIEEPVFM,EVKIEEPVSM,,,HLA-B*08:01,0.35172,0.937567,0.6585,,,,,,,,,2.9,21518.71498,11.199625,0.35299173,18649.75,22,0.16,,0
607,TPTGTQTPTL,TPTGTQTPTS,,,HLA-B*07:02,0.02156,0.2523005,0.3907,,,,,,,,,-7.6,40.66743422,0.047125,47.65782493,129.28,0.26,2.54,,0
608,NWPTFSPATL,NRPTFSPATL,,,HLA-C*07:01,0.03362,0.86608434,0.6662,,,,,,,,,0.8,1844.32411,3.124125,0.116232545,18444.86,8.5,0.08,,0
609,TDTKAKMSKA,TDTKSKMSKA,,,HLA-A*03:01,-0.80722,0.90715635,1.2565,,,,,,,,,-8.8,33180.08099,62.27625,1,33672.79,45,0.08,,0
610,FGFKKPSRV,FGFKKPSGV,,,HLA-B*51:01,-0.50882,0.8976323,0.533,,,,,,,,,-14.7,343.7379415,0.48,1.177604167,3605.85,0.47,0.28,,0
611,TTEAEWGLA,TTEAEWGPA,,,HLA-C*06:02,0.4,0.9867369,0.2126,,,,,,,,,0.8,20833.48596,40.106,0.958516182,37287.41,41,0.1,,0
612,KEFVDAREQE,KEFVDARERE,,,HLA-A*02:01,0.20478,0.7362484,0.2449,,,,,,,,,-9,24583.12292,19.1105,1.276922373,41531.08,80,0.08,,0
613,KRKTGHQVNC,KRKTGRQVNC,,,HLA-B*57:01,-0.04442,0.92469645,0.8342,,,,,,,,,-7.1,28135.5439,56.442125,1.085065011,38531.77,68,0.14,,0
614,KADISAKYA,KADIPAKYA,,,HLA-B*51:01,-0.16731,0.9289021,0.3202,,,,,,,,,0.3,18752.60236,8.57575,0.745532461,33032.62,20,0.11,,0
615,HPWPQYTTCA,HPWPQYTTRA,,,HLA-B*40:01,-0.01786,0.7820882,0.3613,,,,,,,,,-5.3,31185.04761,20.802375,1,36447.77,32,0.21,,0
616,VKLVNLEKEL,VKLVNLEKDL,,,HLA-A*32:01,-0.00841,0.87504876,0.7852,,,,,,,,,-6.4,29186.38407,43.274625,1.348951608,32950.17,28,0.11,,0
617,ARTCGADLGW,ARTRGADLGW,,,HLA-C*16:02,0.06077,0.9631939,0.1567,,,,,,,,,3.8,13718.9138,27.48225,1.219246059,24766.84,23,0.15,,0
618,SPGGGAPVP,SPGGGAPFP,,,HLA-B*07:02,0.12969,0.6764328,0.2252,,,,,,,,,3.6,138.5358378,0.45975,2.600326264,7156.36,3.9,0.23,,0
619,KMGVRTEVG,KMGARTEVG,,,HLA-B*15:01,0.2481,0.89718825,0.5304,,,,,,,,,-0.3,26008.00866,17.691,0.817279973,9772.14,12,0.18,,0
620,LPTELFPQL,LPTELFPPL,,,HLA-A*02:01,0.13571,0.33133063,0.4752,,,,,,,,,-2,3079.98168,2.7725,1.076780884,15371.34,19,0.29,,0
621,QNKIKVEEK,QKKIKVEEK,,,HLA-B*15:10,0.03578,0.7394486,1.0248,,,,,,,,,-2.2,27806.94315,22.842125,1,47939.24,95,0.07,,0
622,PCNHALYAI,TCNHALYAI,,,HLA-B*07:02,0.07785,0.47695464,0.793,,,,,,,,,2.9,13704.11867,4.853625,1.219269103,35953.07,47,0.13,,0
623,DTQITSRAVY,DTQISSRAVY,,,HLA-C*15:02,0.07888,0.6004914,0.1393,,,,,,,,,4.5,22491.62358,27.072125,0.885167862,35949.18,38,0.15,,0
624,NEEQSRDGT,NEEQSGDGT,,,HLA-A*01:01,-0.15792,0.17603403,0.7731,,,,,,,,,-12.7,30366.78214,28.328625,0.813461649,43943.75,94,0.07,,0
625,RAKEFRPECW,RAKEFRPERW,,,HLA-C*04:01,0.23771,0.95853233,1.7256,,,,,,,,,-7.8,21526.64481,14.062875,1.383714212,33280.16,29,0.15,,0
626,FQKDYSKGF,SQKDYSKGF,,,HLA-A*03:01,-0.36921,0.49880192,0.6274,,,,,,,,,-9.9,26637.59628,14.213,0.706369169,39499.68,73,0.12,,0
627,VTQSTSSTSS,VTRSTSSTSS,,,HLA-B*08:01,-0.547,0.8065379,1.298,,,,,,,,,-4.6,30925.9581,47.69475,0.916736119,34594.17,68,0.1,,0
628,DQDVDEELV,DQDVDEGLV,,,HLA-A*02:01,0.24261,0.3299002,-0.2293,,,,,,,,,-2.5,9152.239806,5.10425,1.412842239,25020.83,32,0.13,,0
629,ADKMFPRTR,ADKMFLRTR,,,HLA-A*03:01,-0.07678,0.50279504,-0.0894,,,,,,,,,-2.1,13861.49082,5.177375,0.94268331,31511.54,37,0.14,,0
630,PGTVVPTKA,PGTVVPTEA,,,HLA-A*02:01,-0.00934,0.37298793,0.1879,,,,,,,,,2.2,24597.33586,19.1105,0.863262343,43999.89,90,0.08,,0
631,NAMDPDSLQH,NATDPDSLQH,,,HLA-C*12:02,-0.25665,0.49714202,0.4063,,,,,,,,,-9.1,81.98799784,0.6995,2.635275197,10770.78,6.4,0.19,,0
632,TVFMRKHSQQ,TVFMKKHSQQ,,,HLA-B*35:02,-0.47515,0.8096277,0.4498,,,,,,,,,-14,33284.28059,70.617125,0.871307774,46044.02,74,0.1,,0
633,ERNKCLTKR,ERNKCLAKR,,,HLA-A*02:01,-0.37528,0.7180632,0.6771,,,,,,,,,-2.2,26652.35258,24.402625,1.084002233,43023.52,86,0.11,,0
634,LYNGHTLPM,LYNGHALPM,,,HLA-C*03:04,0.0842,0.918704,0.175,,,,,,,,,-2.1,415.3281341,1.499625,1.253980162,990.6,0.85,0.19,,0
635,LPIHVPPGY,PPIHVPPGY,,,HLA-B*51:01,0.11595,0.9814524,-0.0102,,,,,,,,,-2.6,2486.440543,1.4515,4.542800551,7412.72,1.2,0.33,,0
636,SISPGDFYR,SISPGDFHR,,,HLA-B*44:03,0.08566,0.9815203,0.1837,,,,,,,,,-4,28006.6976,12.98575,0.949887377,36074.27,38,0.14,,0
637,AKDKTRSSR,AKAKTRSSR,,,HLA-B*37:01,-0.35956,0.8162434,1.3657,,,,,,,,,-10.7,8538.288579,10.494,2.281553745,38127.41,54,0.12,,0
638,RIYTGERPY,RIHTGERPY,,,HLA-A*02:01,0.20231,0.69018674,0.4887,,,,,,,,,-10.7,16015.14384,8.53975,1.622603121,21927.94,27,0.24,,0
639,FLILAEHHEI,FLILADHHEI,,,HLA-B*15:01,0.28389,0.8839913,1.4155,,,,,,,,,-7.8,23594.64198,13.29975,0.829263708,3943.8,5,0.67,,0
640,AVDDSTVPPD,AVDESTVPPD,,,HLA-B*51:08,-0.07076,0.91530234,0.4074,,,,,,,,,-4,20378.60072,14.09475,1.176688129,45274.34,85,0.09,,0
641,WDSGRNGEVS,RDSGRNGEVS,,,HLA-C*04:01,0.16502,0.99118894,1.3543,,,,,,,,,-8.1,26846.33609,27.7405,1.153890521,40900.07,68,0.07,,0
642,QFLSGKWIIP,QFLSGKWTIP,,,HLA-A*02:01,0.05152,0.2914678,-0.8018,,,,,,,,,3,31043.83687,49.96275,1.070530045,14496.94,19,0.11,,0
643,LPFVHEAPS,LRFVHEAPS,,,HLA-A*02:01,0.23183,0.6206752,0.695,,,,,,,,,-2.3,25328.40725,21.082875,1.661045991,32774.88,48,0.13,,0
644,IFHRLYKNY,IFHRLYKDY,,,HLA-C*07:01,-0.13748,0.7673589,-0.136,,,,,,,,,-9.4,5581.748992,5.579375,1.201792315,7924.73,2.4,0.12,,0
645,QPRPFCLESL,QPRPFRLESL,,,HLA-A*24:02,0.04454,0.5101604,0.7745,,,,,,,,,3.2,23195.99015,10.936125,1.199236475,26389.42,15,0.14,,0
646,EQGERTPLA,EHGERTPLA,,,HLA-C*06:02,0.18285,0.9273675,0.4373,,,,,,,,,-6.5,12848.33779,19.3945,1.27298332,28213.11,18,0.16,,0
647,NVDAPSCNA,DVDAPSCNA,,,HLA-C*15:02,-0.16924,0.43358925,0.0327,,,,,,,,,-1.6,5835.432278,7.149375,1.589754349,20308.48,13,0.18,,0
648,EFFKEEEADP,EFLKEEEADP,,,HLA-C*04:01,0.15623,0.9643724,0.2083,,,,,,,,,-16.1,28109.73616,33.664625,1.1770293,45207.79,96,0.06,,0
649,TNPFPGLELG,TNPSPGLELG,,,HLA-C*04:01,0.20398,0.9718639,0.3151,,,,,,,,,4.9,25743.00909,23.408875,0.669217337,33236.26,29,0.06,,0
650,KRTSAAHLNS,KGTSAAHLNS,,,HLA-C*17:01,-0.06036,0.8718618,0.5498,,,,,,,,,-0.1,31340.28159,64.448375,0.800012413,36220.92,34,0.07,,0
651,EHDLEVELEP,EHDLEVEPEP,,,HLA-B*08:01,0.27713,0.8960652,0.7496,,,,,,,,,1.3,25143.57545,16.273625,0.966732981,41679.19,95,0.08,,0
652,GMEFQDHCYW,GMEFQDHRYW,,,HLA-A*02:01,0.04189,0.66409695,0.5356,,,,,,,,,-6.2,23630.97415,16.9735,1.242105341,17637.64,22,0.22,,0
653,ESQILGVWE,ESQIRGVWE,,,HLA-A*03:01,0.28168,0.7832969,0.5482,,,,,,,,,11.2,30500.7041,26.48575,1,39351.22,72,0.09,,0
654,SLADEAEVYL,SLADEAEVHL,,,HLA-A*02:01,0.29755,0.6166698,0.7589,,,,,,,,,-5.8,39.08467505,0.274375,1.271070615,23.34,0.21,1.64,,1
655,ILNAMIAKI,ILNAMITKI,,,HLA-A*02:01,-0.10143,0.6210586,-0.1447,,,,,,,,,6.1,31.73931083,0.210875,0.780082988,42.38,0.38,6.11,,1
656,GIVEGLITTV,GIVEGLMTTV,,,HLA-A*02:01,0.31707,0.83229524,-0.3183,,,,,,,,,3,40.66759945,0.288,1.171440972,52.65,0.44,3.38,,1
657,GLFGDIYLA,GSFGDIYLA,,,HLA-A*02:01,0.20938,0.77390677,-0.213,,,,,,,,,3.1,17.38080627,0.0695,13.69964029,4.79,0.03,2.58,,1
658,VIDANIFSV,VIDANIFPV,,,HLA-A*02:01,0.16769,0.82626396,-0.0452,,,,,,,,,4.8,23.13529012,0.132125,0.968779565,9.15,0.08,4.47,,1
659,RLFPGLTIKI,RLFPGLAIKI,,,HLA-A*02:05,0.0719,0.65022457,-0.7198,,,,,,,,,1.7,26.4174273,0.357625,1.33205173,104.59,0.58,2.58,,1
660,YTDFHCQYV,YTDFPCQYV,,,HLA-A*01:01,0.00583,0.4180857,0.5593,,,,,,,,,-2.7,92.14339758,0.124375,1.287437186,20.45,0.03,0.58,,1
661,FPPDKMLLF,FPPDKMPLF,,,HLA-A*26:01,-0.37242,0.67352563,0.5526,,,,,,,,,2.1,5478.384731,0.923875,0.928967663,1964.6,0.45,0.21,,1
662,LTDDRLFTCY,LTDDRLFTCH,,,HLA-A*01:01,0.18058,0.39681023,-0.475,,,,,,,,,0.4,31.28253423,0.003875,62.90322581,6.44,0.01,6.59,,1
663,FSGEYIPTV,FPGEYIPTV,,,HLA-A*02:01,0.24675,0.87365824,-0.0036,,,,,,,,,-2.6,15.9911394,0.053125,22.19529412,20.53,0.19,1.69,,1
664,QVDFSVLHY,QADFSVLHY,,,HLA-A*01:01,0.0123,0.5107761,0.0689,,,,,,,,,6.8,34.58592899,0.008125,0.646153846,33.68,0.04,5.46,,1
665,TRSSGSHFV,TRSSGSHLV,,,HLA-C*07:01,-0.2472,0.8142686,0.7384,,,,,,,,,-2.4,115.0700113,0.487875,0.518063028,306.63,0.05,0.11,,1
666,KTLTSVFQK,ETLTSVFQK,,,HLA-A*11:01,-0.05566,0.78727573,0.0619,,,,,,,,,2,20.92161208,0.0015,71.08333333,5.91,0.02,103.51,,1
667,CILGKLFTK,CILGELFTK,,,HLA-A*11:01,-0.06846,0.52248955,0.0566,,,,,,,,,1.6,29.57130453,0.053,1.759433962,21.55,0.1,1.95,,1
668,EEHNHIQQW,EEHIHIQQW,,,HLA-B*44:02,-0.00467,0.4066555,0.7382,,,,,,,,,-9.2,35.78385327,0.000125,3,14.4,0.02,1.12,,1
669,VLENFTIFL,VLENFTILL,,,HLA-A*02:01,0.35725,0.7172127,0.3381,,,,,,,,,5.9,40.0152487,0.28175,1.549245785,36.55,0.33,2.54,,1
670,LLGVKLFGV,LLGVKLSGV,,,HLA-A*02:01,-0.0493,0.55631965,-1.6936,,,,,,,,,6.5,18.91695132,0.084625,3.214180207,9.8,0.09,4.14,,1
671,YQQPPGPVL,YQQPPGPVP,,,HLA-B*39:01,-0.0129,0.89141345,0.2492,,,,,,,,,-1,50.66183372,0.017125,58.09489051,24.42,0.02,0.81,,1
672,ALIHHNTYL,ALIHHNTHL,,,HLA-A*02:01,0.13176,0.7304131,0.6854,,,,,,,,,-11.9,14.82459322,0.041125,2.419452888,17.83,0.17,9.04,,1
673,HRCTLQPSL,HRSTLQPSL,,,HLA-B*39:01,-0.2043,0.8987664,-0.0822,,,,,,,,,-2.8,57.48453036,0.030875,0.591093117,232.57,0.15,1.07,,1
674,LIRETQPITK,LIRETQPISK,,,HLA-A*03:01,0.16711,0.6971989,0.6693,,,,,,,,,-5.5,96.64497523,0.390125,1.009291894,157.26,0.41,0.56,,1
675,SYMIMEIEL,SSMIMEIEL,,,HLA-C*14:02,0.17099,0.7339178,-0.1838,,,,,,,,,3.9,44.30972346,0.1045,40.94019139,9.86,0.04,0.12,,1
676,GLLDEDFYA,GPLDEDFYA,,,HLA-A*02:01,0.23374,0.821943,0.4791,,,,,,,,,-9,27.3596784,0.168875,48.63582531,8.7,0.08,1.96,,1
677,EEDGAGGHSL,EEDGAGGHSP,,,HLA-B*44:02,0.07494,0.39686453,0.6205,,,,,,,,,-3.4,73.00941196,0.1855,8.367250674,2955.76,1.2,0.4,,1
678,TLYSLTLLY,TLYSLTPLY,,,HLA-A*29:02,-0.15777,0.9436728,-0.0759,,,,,,,,,9.9,20.52855061,0.00125,4.8,2.4,0.01,10.85,,1
679,AEHSLQVAY,AEHSLQVAH,,,HLA-B*44:03,-0.21811,0.9974721,0.662,,,,,,,,,5.5,40.18266467,0.012625,25.1980198,15.93,0.02,3.84,,1
680,RVCGPCSTY,RVRGPCSTY,,,HLA-A*29:02,-0.16189,0.817968,0.8617,,,,,,,,,-1,51.64682531,0.186625,1.615539183,385.03,0.53,0.65,,1
681,FLIYLDVSV,FLTYLDVSV,,,HLA-A*02:01,-0.01226,0.6299958,0.204,,,,,,,,,2.4,13.98595897,0.033125,1.2,3.53,0.02,9.82,,1
682,FFYLLDFTF,FFYPLDFTF,,,HLA-A*29:02,0.1192,0.9453694,1.471,,,,,,,,,6.2,77.89321953,0.334625,0.28726186,46.27,0.12,0.6,,1
683,FMPDFDLHL,SMPDFDLHL,,,HLA-A*02:01,0.16314,0.64573574,0.7518,,,,,,,,,-3.6,14.31190522,0.03675,3.129251701,6.98,0.06,7.65,,1
684,IMQTLAGELY,IMQTPAGELY,,,HLA-A*29:02,0.13868,0.6921715,-0.062,,,,,,,,,4.8,50.38119128,0.176375,0.891566265,27.17,0.09,0.84,,1
685,EVLPFFLFF,EALPFFLFF,,,HLA-A*29:02,0.26848,0.96829075,1.0922,,,,,,,,,10.6,151.907882,0.62825,1.267608436,297.42,0.44,0.71,,1
686,TEDEHFEFY,TEDEHFEFH,,,HLA-B*44:03,0.40255,0.97171867,1.0961,,,,,,,,,-4.6,50.71434239,0.085,10.85588235,319.72,0.2,1.36,,1
687,QTNPVTLQY,QTDPVTLQY,,,HLA-A*29:02,-0.01356,0.8245003,0.6741,,,,,,,,,2.2,26.46398225,0.02025,7.308641975,15.28,0.05,4.12,,1
688,TLWCSPIKV,TPWCSPIKV,,,HLA-A*02:01,-0.16757,0.95791215,0.7779,,,,,,,,,0.7,16.29822667,0.055875,80.93959732,7.8,0.07,2.33,,1
689,EVNYQNVVY,EVNYQNVVH,,,HLA-B*35:01,-0.06575,0.81939447,0.8014,,,,,,,,,0.1,114.7008179,0.339125,11.92259491,102.84,0.16,0.69,,1
690,GQFLTPNSH,GQFLAPNSH,,,HLA-B*15:01,-0.04792,0.7958658,0.3572,,,,,,,,,-2.8,81.09733049,0.286125,1.070336391,678.17,1.6,1.14,,1
691,VESEDIAEL,VESEEIAEL,,,HLA-B*40:01,0.28545,0.84446925,0.9351,,,,,,,,,-4.2,35.70705598,0.013375,0.392523364,19.78,0.04,1.25,,1
692,IPIDGIFFTY,IPIDGNFFTY,,,HLA-B*35:01,0.4598,0.86598974,-0.1208,,,,,,,,,5.5,25.5820501,0.009,0.819444444,7.96,0.02,8.82,,1
693,RTKVVQTLW,RTEVVQTLW,,,HLA-A*32:01,-0.07102,0.7534422,-0.2012,,,,,,,,,8,31.8928503,0.031625,6.268774704,52.2,0.07,7.36,,1
694,RVSTLRVSL,RVSTLRVSP,,,HLA-B*07:02,-0.03854,0.80024856,0.1995,,,,,,,,,2,61.15680483,0.170875,38.64594001,34.22,0.1,1.51,,1
695,RARSRTPSC,RARSRTPSR,,,HLA-B*07:02,-0.16875,0.6832507,1.0288,,,,,,,,,-8.4,92.59479774,0.31725,6.791568164,190.72,0.33,1.17,,1
696,ILDTAGKEEY,ILDTAGQEEY,,,HLA-A*01:01,0.05736,0.46854892,0.9831,,,,,,,,,-10.2,39.68855415,0.0185,0.743243243,156.86,0.1,1.1,,1
697,ETECEYFNRY,ETEREYFNRY,,,HLA-A*01:01,0.20713,0.48291412,0.4271,,,,,,,,,-7.5,52.55791449,0.0465,1.405913978,83.9,0.07,1.52,,1
698,ALYGFVPVL,ALYGSVPVL,,,HLA-A*02:01,0.20052,0.9262524,-0.0581,,,,,,,,,9.2,15.00710785,0.043625,2.464183381,8.06,0.07,6.63,,1
699,HQNPVTGLLL,HQNPVTGLLP,,,HLA-B*38:01,0.0808,0.93890464,-0.3934,,,,,,,,,9.1,60.03022295,0.084625,57.66322009,1210.96,0.24,1.44,,1
700,PSDTRQMLFY,PFDTRQMLFY,,,HLA-A*01:01,-0.1224,0.3712509,0.2477,,,,,,,,,-0.2,58.40693777,0.059125,12.05708245,11.19,0.02,1.92,,1
701,KVSPSTQVK,KVPPSTQVK,,,HLA-A*30:01,-0.26306,0.89911336,0.8961,,,,,,,,,-2.4,28.38073916,0.01475,5.838983051,27.91,0.12,2.02,,1
702,KVDPIGHVY,EVDPIGHVY,,,HLA-A*30:02,0.20896,0.8444983,1.8687,,,,,,,,,3.5,44.85266728,0.06475,7.22007722,55.63,0.09,1.33,,1
703,FVVPYMIYL,YVVPYMIHL,,,HLA-C*03:03,-0.0565,0.95664126,0.3566,,,,,,,,,2.2,42.86941152,0.1435,0.294425087,26.35,0.08,0.26,,1
704,VAVRMLRTW,AAVRMLRTW,,,HLA-B*57:01,-0.0496,0.6316541,-0.8916,,,,,,,,,-4,33.96077295,0.01875,0.84,11.49,0.03,7.07,,1
705,ISRRTRLVF,ISRRTRLAF,,,HLA-B*57:01,0.17016,0.95670587,-0.089,,,,,,,,,-1.7,55.90637632,0.1805,1.100415512,113.09,0.19,0.98,,1
706,CISSCNPNL,CISSCNPNP,,,HLA-A*02:01,-0.2919,0.60259235,0.3989,,,,,,,,,-6.9,571.5150991,1.406875,7.373878276,1357.61,3.8,0.83,,1
707,KLTESLHKV,KLTESLHEV,,,HLA-A*02:01,-0.15689,0.81990075,1.2538,,,,,,,,,-7.6,12.12637692,0.015375,1,6.07,0.05,38.03,,1
708,SPINVTLATL,SPIKVTLATL,,,HLA-B*42:01,0.15995,0.93304324,-0.0246,,,,,,,,,4.9,37.88713908,0.03375,1,14.93,0.05,8.89,,1
709,YSMECFQFM,YSMEYFQFM,,,HLA-C*03:03,0.07209,0.43623504,0.5593,,,,,,,,,1.1,41.75289856,0.135875,0.961361546,5.54,0.02,0.33,,1
710,RMQYSMECF,RMQYSMEYF,,,HLA-B*15:01,-0.31472,0.76876456,-0.0249,,,,,,,,,-1.2,51.33935997,0.12225,1.724948875,20.92,0.07,9.92,,1
711,FVNDIFVRI,FVNDIFERI,,,HLA-A*02:01,0.3251,0.7755187,0.5378,,,,,,,,,3.5,16.07915737,0.054,1.842592593,26.05,0.24,4.07,,1
712,AYRDLQTRK,AYRDLQTRE,,,HLA-A*30:01,-0.01772,0.89559484,0.3418,,,,,,,,,-8.4,47.32251662,0.077375,80.07108239,58.31,0.3,1.53,,1
713,VLFSADDHV,VLFSADDRV,,,HLA-A*02:01,-0.03187,0.5162428,1.2555,,,,,,,,,-9.2,22.0156266,0.1195,1.845188285,33.7,0.31,3.27,,1
714,RRSVQRWDL,RRSVQRGDL,,,HLA-B*27:02,0.12366,0.95937765,-0.017,,,,,,,,,-8.2,75.16821843,0.20375,2.080981595,3655.34,0.28,0.7,,1
715,GRIHLREQL,GRIQLREQL,,,HLA-B*27:02,0.13049,0.97846746,0.7079,,,,,,,,,-10.9,57.45811501,0.057375,0.736383442,4401.92,0.32,0.44,,1
716,HPCCLGSPPL,HPSCLGSPPL,,,HLA-B*35:01,-0.22112,0.7902837,0.4313,,,,,,,,,1.9,195.7566171,0.519375,0.804091456,604.93,0.55,6.12,,1
717,TYDTVHRHL,TYDTVHRRL,,,HLA-C*04:01,0.17949,0.94897467,0.2466,,,,,,,,,-7.4,26.62138169,0.002875,3,470.94,0.03,0.13,,1
718,MPYGYVLNEF,MPYGYVLNES,,,HLA-B*35:01,0.1121,0.74519753,0.4924,,,,,,,,,-0.7,35.15329534,0.044625,36.11764706,5.32,0.02,6.54,,1
719,SEKLRHMLLL,FEKLRHMLLL,,,HLA-B*40:02,-0.1804,0.8491424,0.4283,,,,,,,,,5.6,141.6767774,0.963,1.267912773,85.6,0.17,1.29,,1
720,KSPNPSTPC,KSPNPSTPR,,,HLA-C*01:02,-0.15036,0.9529873,0.817,,,,,,,,,-8.2,140.6518835,0.699625,4.122922994,1227.28,0.21,0.11,,1
721,TPIEGTNMSF,TPIEGKNMSF,,,HLA-B*35:01,-0.0362,0.82699215,0.5358,,,,,,,,,-7,33.45008429,0.03825,1.869281046,26.21,0.07,4.28,,1
722,WESATPLCF,WESATPLRF,,,HLA-B*40:02,-0.02783,0.77512014,0.3306,,,,,,,,,5.8,84.2046906,0.663875,0.870834118,116.46,0.25,3.12,,1
723,SLYGSHPFY,NLYGSHPFY,,,HLA-A*03:01,-0.03871,0.9145571,0.2576,,,,,,,,,-3.2,71.92051826,0.283875,2.199911933,20.61,0.05,0.43,,1
724,MAVDDGVNTF,RAVDDGVNTF,,,HLA-B*35:01,0.1464,0.81094456,0.9969,,,,,,,,,-7.4,34.80082231,0.04275,4.216374269,25.92,0.06,2.56,,1
725,HPHGHIFTVY,HPHGHIFKVY,,,HLA-B*35:01,0.37278,0.7411241,0.6382,,,,,,,,,7.2,29.09632507,0.02125,2.8,14.26,0.04,7.04,,1
726,LLWDTDSSV,LLRDTDSSV,,,HLA-A*02:01,-0.08338,0.7122222,0.8732,,,,,,,,,-9.3,15.52189375,0.049,10.54591837,8.96,0.08,6.15,,1
727,HMTEVVRHC,HMTEVVRRC,,,HLA-A*02:01,0.25499,0.87302506,1.4247,,,,,,,,,-2.8,1386.287212,1.982875,1.271890563,4543.17,7.5,1.42,,1
728,KLNLFQVRF,KLNLSQVRF,,,HLA-A*32:01,0.05678,0.9282871,0.4132,,,,,,,,,2.8,32.15526081,0.0335,2.78358209,19.67,0.03,1.67,,1
729,EPKHKHWCSI,EPKHWCSIVY,,,HLA-B*08:01,-0.1496,0.68006533,0.6195,,,,,,,,,-9.5,2695.593456,2.079875,4.969589519,190.21,0.21,0.28,,1
730,FRLHNKPTF,SRLHNKPTF,,,HLA-B*27:05,-0.16703,0.94807684,0.4783,,,,,,,,,-12.9,66.05654095,0.091,0.563186813,298.98,0.67,0.92,,1
731,KERVMQAAC,KERVMRAAC,,,HLA-B*50:01,-0.16582,0.98912793,0.9619,,,,,,,,,6.2,136.3156399,0.724,1.486015193,875.27,0.36,0.32,,1
732,QCEEVARVL,QCEEVARAL,,,HLA-B*35:03,0.27808,0.8542814,0.7719,,,,,,,,,2.2,4832.706161,2.10875,0.809306461,22046.41,3.9,0.24,,1
733,EAGPDAVLRR,EAGPDAVLGR,,,HLA-A*68:01,0.11928,0.5618862,0.5538,,,,,,,,,0.2,37.00314892,0.174375,0.853763441,77.62,0.71,0.95,,1
734,EAGPDAVLR,EAGPDAVLG,,,HLA-A*68:01,0.08663,0.58843714,0.8111,,,,,,,,,4.7,32.3471965,0.109125,96.3024055,30.57,0.33,0.85,,1
735,QYLSGFYAV,QYLSGFDAV,,,HLA-A*24:02,-0.00713,0.42063624,0.2979,,,,,,,,,2.1,52.53394258,0.11675,2.277301927,55.48,0.09,3.1,,1
736,SCSRAVPQV,SCSRAIPQV,,,HLA-A*02:01,-0.0017,0.7251034,0.4265,,,,,,,,,-3.6,2030.363059,2.312125,0.861328864,8304.93,12,0.48,,1
737,AEAGSATEF,AGAGSATEF,,,HLA-B*44:02,0.01379,0.44094393,1.1112,,,,,,,,,-3.6,43.48506548,0.02075,221.3795181,35.25,0.04,4.07,,1
738,AEAGSATEF,AGAGSATEF,,,HLA-B*44:02,0.01379,0.44094393,1.1112,,,,,,,,,-3.6,43.48506548,0.02075,221.3795181,35.25,0.04,4.07,,1
739,QRYPIAIFI,QLYPIAIFI,,,HLA-C*06:02,0.33479,0.9875584,-0.0161,,,,,,,,,12,42.41473207,0.027375,87.31050228,39.04,0.02,0.15,,1
740,EVFKECIGY,EVFKERIGY,,,HLA-B*15:01,-0.00013,0.72310543,-0.5247,,,,,,,,,-0.8,398.9420567,1.00675,0.81313633,1561.67,2.7,0.99,,1
741,TEFFPFYAL,TEFLPFYAL,,,HLA-B*40:01,0.27494,0.88541967,0.7617,,,,,,,,,4.5,45.19407942,0.078,0.633012821,7.86,0.02,1.05,,1
742,NENLDLQEL,NENLDLKEL,,,HLA-B*40:01,-0.04136,0.92021704,0.1448,,,,,,,,,-2.9,38.15053497,0.026,2.322115385,136.11,0.21,0.87,,1
743,VVPCEPPEV,VVPYEPPEV,,,HLA-A*02:01,0.07835,0.8938641,1.2733,,,,,,,,,-7.7,114.5177956,0.656,1.212271341,564.05,2.4,0.51,,1
744,CTIAVVNFL,CTNAVVNFL,,,HLA-A*68:02,0.22457,0.67630893,0.3544,,,,,,,,,9.5,29.12534755,0.067375,2.753246753,12.38,0.09,0.66,,1
745,SCMGGMNWR,SCMGGMNRR,,,HLA-A*68:01,-0.03124,0.6723646,0.1959,,,,,,,,,-3.3,174.2236438,0.931375,1.190310025,426.82,2,0.53,,1
746,IYHSQSPHYF,IYRSQSPHYF,,,HLA-A*24:02,-0.41517,0.3719179,0.5704,,,,,,,,,-11.2,33.46871281,0.021625,2.705202312,17,0.03,15.96,,1
747,KPYTRIHIL,KPYTRIHIP,,,HLA-B*08:01,0.3186,0.83310133,0.1313,,,,,,,,,0.6,40.51505685,0.009375,141.44,72.43,0.09,0.66,,1
748,ARMEFFLLL,ARMELFLLL,,,HLA-C*07:01,0.25211,0.8402338,0.8508,,,,,,,,,9.7,30.88644747,0.00375,1.433333333,59.26,0.02,0.17,,1
749,SEQTFLIGL,SEQKFLIGL,,,HLA-B*49:01,0.23714,0.96260613,-0.1354,,,,,,,,,10,43.18664408,0.071625,0.698080279,612.8,0.18,0.31,,1
750,AELDMHLAV,AELDRHLAV,,,HLA-B*49:01,-0.10833,0.96009636,0.5526,,,,,,,,,0.8,36.34784228,0.004625,0.648648649,72.6,0.02,1.28,,1
751,HEALEINAI,HEALEINEI,,,HLA-B*49:01,0.24172,0.899368,0.5936,,,,,,,,,3.1,38.15263864,0.018125,0.337931034,291.49,0.07,0.46,,1
752,ATELQCMMY,ATELQSMMY,,,HLA-A*01:01,-0.39301,0.5130418,0.9732,,,,,,,,,6.6,38.0699081,0.016125,0.441860465,17.22,0.02,2.5,,1
753,FAKKKPQRL,FAKKKPQRP,,,HLA-B*08:01,-0.57496,0.71966547,0.6692,,,,,,,,,-17.4,37.86348725,0.004625,441.5675676,27.89,0.04,0.32,,1
754,NLWPVTHGL,NLWPVPHGL,,,HLA-A*02:01,0.18458,0.59478873,1.0184,,,,,,,,,-1.7,14.98518045,0.041625,1.66966967,8.74,0.08,3.84,,1
755,RVTPFRILL,RVAPFRILL,,,HLA-C*07:04,0.27,0.9619937,0.6981,,,,,,,,,5,91.66107097,0.472625,0.586617297,7064.35,0.42,0.18,,1
756,ALTEWLHCC,ALTEWLRFY,,,HLA-A*02:01,0.31441,0.8819147,0.2107,,,,,,,,,-1.3,275.4057377,1.037,2.442743491,228.49,1.5,14.87,,1
757,FLAEGPSTL,FLAEGLSTL,,,HLA-A*02:01,0.01907,0.6297178,0.4859,,,,,,,,,-7,13.75336897,0.03125,0.216,5.58,0.04,4.8,,1
758,IPRDVFRSL,IPRDAFRSL,,,HLA-B*07:02,0.13654,0.57112724,0.5561,,,,,,,,,-1.8,33.29831499,0.00975,0.705128205,5.59,0.02,19.55,,1
759,RIQDFVQRV,RIQDFVRRV,,,HLA-A*02:01,0.07006,0.7760447,1.708,,,,,,,,,-4.5,22.23277101,0.122125,2.702149437,54.05,0.45,8.27,,1
760,IRIGHVRMQI,IRIGHVGMQI,,,HLA-B*08:01,-0.01816,0.93525225,0.5538,,,,,,,,,-5.5,21794.07132,11.44075,1,11950.1,12,0.19,,1
761,GADGVGKSAL,GAGGVGKSAL,,,HLA-C*08:02,-0.20526,0.8891445,0.1322,,,,,,,,,0.5,38.85851016,0.05075,20.78325123,474.34,0.17,0.14,,1
762,GADGVGKSA,GAGGVGKSA,,,HLA-C*08:02,-0.16526,0.5949437,0.93,,,,,,,,,-1.3,74.06513268,0.188,11.99135638,9914.1,2.1,0.11,,1